id,domain,status,purchase_price,renewal_price,attractiveness,demand,length,registrar,created_at,expires_at,status_verified_at
f70c9913-f02a-4103-8c95-0ebdb24295d1,antlered.ski,available,39.99,86.99,medium,low,8,name.com,,,05/08/2026 20:11
96372013-6417-43b4-b141-013b8267c0eb,pet.ski,premium,854,854,high,medium,3,namesilo,,,27/09/2026 06:59
c6d06e96-8442-43c6-aaa6-46cecb75f0ae,horses.ski,available,27.99,64.99,medium,low,6,namesilo,,,17/09/2026 09:06
b7d9799a-d8b5-4aa5-bc0d-3d77aba4b65f,iambic.ski,available,39.99,86.99,medium,low,6,name.com,,,21/08/2026 17:28
a1d4effc-9572-4861-bf97-8537b5fd2c8b,notch.ski,available,50.2,50.2,high,low,5,cloudflare,,,28/09/2026 10:27
dff03bee-ee10-4f32-801b-37394e919bf3,traduce.ski,available,39.99,86.99,medium,low,7,name.com,,,24/08/2026 14:06
afcf2765-cecb-430c-b5c4-b1853fc1aa37,arboreous.ski,available,39.99,86.99,medium,low,9,name.com,,,06/08/2026 12:59
658a8c3a-f850-4f81-bd19-8f19b6b43cdd,confidential.ski,available,27.99,64.99,high,low,12,namesilo,,,27/09/2026 17:23
72d8d3cb-d088-4c7b-abb8-4306d4521948,dismissal.ski,available,76.98,82.98,high,low,9,namecheap,,,29/09/2026 15:57
1d9d57b5-9851-4120-aef3-e8fd3b77677f,bhang.ski,available,27.99,64.99,medium,low,5,namesilo,,,23/09/2026 12:34
5d89f0b9-5cad-41da-bbc1-7adf5c48db49,wakeful.ski,available,27.99,64.99,high,low,7,namesilo,,,04/09/2026 16:03
f79b3c8a-c818-4b2b-99d2-10af14b6901a,laura.ski,available,39.99,,high,low,5,name.com,,,
3150bd37-5045-4723-99a1-85155481c984,bahamian.ski,available,,,medium,low,8,,,,
c992c5d9-050a-49ca-98a1-5e42ec60ba16,lopsided.ski,available,39.99,86.99,medium,low,8,name.com,,,07/08/2026 03:41
447cffda-365a-4928-a691-de06dcc1198a,inc.ski,available,26.5,,high,low,3,unstoppable,,,29/09/2026 23:44
dfe5a64d-149e-4737-a656-f9d323541814,aditi.ski,available,27.99,64.99,medium,low,5,namesilo,,,17/09/2026 08:22
f31e43f8-a64f-4879-9ad5-76370800b6ef,cambria.ski,available,26.5,,high,low,7,unstoppable,,,29/09/2026 18:09
803b34dc-3562-4a88-b83b-7f1dc147c9f2,phocine.ski,available,76.98,82.98,medium,low,7,namecheap,,,08/09/2026 18:58
024bc9a1-36d0-4c90-8737-4474593aaa8c,slim.ski,premium,118.8,118.8,high,low,4,namesilo,,,27/09/2026 22:35
f762cb00-bdd8-439b-8e3f-dd6a6734d7a8,taped.ski,available,27.99,64.99,high,low,5,namesilo,,,11/09/2026 08:15
ba383b79-d96b-4047-83d6-efd16c8f04a9,jessica.ski,available,76.98,82.98,high,low,7,namecheap,,,25/09/2026 18:08
fd0da852-ec83-48e3-9dd6-158344762270,lyrically.ski,available,27.99,64.99,medium,low,9,namesilo,,,15/09/2026 13:16
4f4745a9-7d10-4f90-b869-bc81cf33ff74,impeccable.ski,available,39.99,86.99,high,low,10,name.com,,,18/08/2026 00:09
8565bc61-e219-4128-8517-25091e01a742,extends.ski,available,27.99,64.99,medium,low,7,namesilo,,,18/09/2026 17:32
18698e25-04a0-4cca-bf55-33493167bdd8,meek.ski,available,39.99,86.99,high,low,4,name.com,,,24/08/2026 19:16
942531bf-ca3a-4fa1-bf02-b1825cbf7cb9,tailed.ski,available,27.99,64.99,high,low,6,namesilo,,,11/09/2026 07:08
a16d9a0d-8a4d-4d21-9d0f-11a6170f2d65,earl.ski,available,21.11,52.01,high,low,4,porkbun,,,28/09/2026 05:33
73caef1f-5384-4362-907c-c49fec5f1a82,impolite.ski,available,39.99,86.99,medium,low,8,name.com,,,21/08/2026 22:43
5cf0fb9f-841e-471c-a363-deff253b67b4,bidens.ski,available,20.9,51.95,medium,low,6,spaceship,,,29/09/2026 02:29
9b1e332d-6573-4490-856c-2e2f8e90ec86,patrol.ski,available,76.98,82.98,high,low,6,namecheap,,,25/09/2026 23:57
19a1cbd8-651a-44a5-8d8f-0ed568ce1c73,outdoor.ski,premium,3125,,high,low,7,name.com,,,
5e9e11f7-d75a-4648-bdef-3a33bfb5cb3c,arbour.ski,available,27.99,64.99,medium,low,6,namesilo,,,20/09/2026 00:58
52403fe3-ad04-4021-ad52-e37682b310fa,sighted.ski,available,20.9,51.95,high,low,7,spaceship,,,27/09/2026 21:56
744ea181-71d6-4db8-b8db-799a113ac841,slayer.ski,available,50.2,50.2,high,low,6,cloudflare,,,30/09/2026 02:06
323f7edd-1908-4aaf-bccb-9bc82f7561ce,shabby.ski,available,39.99,86.99,medium,low,6,name.com,,,25/08/2026 06:58
44e63605-3c53-4161-a384-391b638f80f5,unplayable.ski,available,27.99,64.99,medium,low,10,namesilo,,,12/09/2026 16:54
daab247f-41b4-4b7a-8856-569bae22cbaf,mechanics.ski,available,20.9,51.95,high,low,9,spaceship,,,28/09/2026 02:33
cef97571-8fa7-48fb-b16d-5b6b91c675eb,pervious.ski,available,76.98,82.98,medium,low,8,namecheap,,,08/09/2026 18:09
ce64e255-2eed-4803-8848-b2b866ea1db6,cherubic.ski,available,39.99,86.99,high,low,8,name.com,,,12/08/2026 04:25
ad8cb9d8-db75-4e83-a90b-6428f4e921ba,procedures.ski,available,76.98,82.98,medium,low,10,namecheap,,,18/09/2026 17:33
6b82ee8b-d03e-4f23-adaf-211c4654d9ce,slideshow.ski,available,39.99,,high,low,10,name.com,,,
041e6b37-3511-4ded-920e-84f9cad4ae22,arsehole.ski,available,27.99,64.99,medium,low,8,namesilo,,,20/09/2026 09:34
553d39c4-09e7-41e4-aba7-74c64d51480f,richer.ski,available,27.99,64.99,medium,low,6,namesilo,,,29/09/2026 05:28
c761e2ad-01db-4669-9e98-c0037598d1cf,disaster.ski,available,27.99,64.99,high,low,8,namesilo,,,24/09/2026 11:38
200ca5f4-b16b-4415-9a52-49b6285aed9c,plated.ski,available,27.99,64.99,high,low,6,namesilo,,,17/09/2026 05:15
b5a5a7f6-aa38-4aa0-914d-888db7281d2d,lyons.ski,available,76.98,82.98,high,low,5,namecheap,,,25/09/2026 06:03
ed99ff91-f63e-4f44-a14b-1984868a45a7,cognisant.ski,available,39.99,86.99,medium,low,9,name.com,,,08/08/2026 00:18
b59189e9-ca02-41f8-8349-159013cacc3c,rockwell.ski,available,76.98,82.98,high,low,8,namecheap,,,27/09/2026 04:54
5aad3272-2a86-4284-9007-b0f70c19024f,planetary.ski,available,39.99,86.99,high,medium,9,name.com,,,20/08/2026 14:33
db72d611-11a4-4fd0-bee9-9e656646dcc7,remaining.ski,available,39.99,86.99,high,low,9,name.com,,,22/08/2026 22:43
a87cb37f-df98-46a9-9b5f-2cc776ff8ba9,amenra.ski,available,76.98,82.98,medium,low,7,namecheap,,,18/09/2026 18:32
7ff863b7-eeec-4af5-8208-8b2164feb973,bantu.ski,available,39.99,86.99,medium,low,5,name.com,,,08/08/2026 14:50
f0c244b8-30d3-4746-a57c-64a8ff8db929,greyhound.ski,available,27.99,64.99,high,low,9,namesilo,,,30/09/2026 01:48
2e45ad2e-765c-4f38-b05f-c744444405d8,cognitive.ski,available,39.99,86.99,high,low,9,name.com,,,12/08/2026 15:58
b3ba8287-8194-4ec2-8555-4c941229bb35,lyndon.ski,available,27.99,64.99,medium,low,6,namesilo,,,25/09/2026 16:09
b32249c5-ae05-4c24-9a95-03f4e7f1d13b,lividly.ski,available,27.99,64.99,low,low,7,namesilo,,,15/09/2026 12:36
334b4d70-f835-4446-bc56-fac740ea8714,okra.ski,available,27.99,64.99,high,low,4,namesilo,,,16/09/2026 15:04
6c3340fb-a869-4a95-806e-321ec2326b01,steelyard.ski,available,76.98,82.98,medium,low,9,namecheap,,,22/09/2026 19:57
b8f485df-7d0a-4fc4-a10f-82a742bf61e8,leafless.ski,available,39.99,86.99,medium,low,8,name.com,,,22/08/2026 21:56
f0945953-c2ed-4c76-a296-64e11730affc,indication.ski,available,27.99,64.99,high,low,10,namesilo,,,24/09/2026 21:52
3d75acc6-9118-4f53-807a-88bfd8aafde5,tension.ski,available,39.99,86.99,high,low,7,name.com,,,27/09/2026 14:38
4b291d04-7ed5-44af-acbd-f58ef4fcb5c5,groping.ski,available,39.99,86.99,medium,low,7,name.com,,,20/08/2026 20:18
7489aa99-bf01-4fcf-b81c-0cf960af92a3,sterility.ski,available,27.99,64.99,medium,low,9,namesilo,,,19/09/2026 15:04
04c622dd-fbf0-497c-a5a8-f7a768722976,jungian.ski,available,39.99,86.99,high,low,7,name.com,,,22/08/2026 14:24
add9e4af-5e21-4185-a0d9-0d666fa4c3a7,auditory.ski,available,27.99,64.99,high,low,8,namesilo,,,22/09/2026 12:39
d136bea5-c2e3-4804-9d30-c3ebcd3a9fdf,lollipop.ski,available,27.99,64.99,high,low,8,namesilo,,,18/09/2026 08:50
290cb4a8-336f-451a-90d6-cd59a55e7ba8,soissons.ski,available,27.99,64.99,medium,low,8,namesilo,,,22/09/2026 15:58
04bf0fb0-2b78-4cce-a0e6-82ccf40b5a59,therapy.ski,available,76.98,82.98,high,low,7,namecheap,,,28/09/2026 22:53
977d7308-3128-48f1-9df5-071d061ab1aa,gomez.ski,available,76.98,82.98,high,low,5,namecheap,,,25/09/2026 16:06
66342fb6-a1c5-4379-ba5a-a754103c023b,cashier.ski,available,27.99,64.99,high,low,7,namesilo,,,22/09/2026 02:24
fac9f6f7-738a-4b0e-9035-5921657809f9,baster.ski,available,27.99,64.99,medium,low,6,namesilo,,,22/09/2026 12:47
6c95567b-dc74-498d-baf3-53263ebafd84,andradite.ski,available,27.99,64.99,medium,low,9,namesilo,,,19/09/2026 04:09
803d9986-49b5-4e6b-a703-80b4045a6ad5,fissure.ski,available,39.99,86.99,high,low,7,name.com,,,13/08/2026 04:18
48037701-9415-4457-b703-14dc28329459,spared.ski,available,50.2,50.2,low,low,6,cloudflare,,,28/09/2026 17:48
c368ab2f-d486-44ed-9aeb-e5d44438e7d6,marx.ski,available,76.98,82.98,high,low,4,namecheap,,,20/09/2026 11:00
2dc372d5-cf94-4857-aa1c-511aaa8a6e76,stroke.ski,available,50.2,50.2,high,low,6,cloudflare,,,28/09/2026 21:42
e11346c9-5a55-4762-9781-ddc4d2235c78,ingress.ski,available,39.99,86.99,medium,low,7,name.com,,,22/08/2026 01:52
bf42d8fa-96f6-43a1-b490-072afa24755d,elderly.ski,available,27.99,64.99,high,low,7,namesilo,,,21/09/2026 22:30
7d82f8de-2cd9-4624-8d6b-c4cdb1a3eb31,woodruff.ski,available,27.99,64.99,medium,low,8,namesilo,,,20/09/2026 15:04
71b3e1ad-65fd-421d-a330-40936f4493dc,revolutions.ski,available,27.99,64.99,medium,low,11,namesilo,,,20/09/2026 15:34
8d50c854-54c5-4242-852c-d7b28bd9b27a,annealing.ski,available,27.99,64.99,high,low,9,namesilo,,,11/09/2026 10:58
cd9d9e97-7b65-4afa-aff0-87b8bf183449,threats.ski,available,27.99,64.99,medium,low,7,namesilo,,,18/09/2026 23:54
bf74a482-aeda-42d1-af01-66755be3cb69,digits.ski,available,39.99,,high,low,6,name.com,,,
0ef29dde-aa03-4540-82a9-21dd0522824c,foodie.ski,available,39.99,86.99,high,low,6,name.com,,,17/08/2026 10:47
eb6438bc-3a9e-4799-83af-04ab4a3ff553,guns.ski,available,27.99,64.99,high,low,4,namesilo,,,17/09/2026 07:29
b53c2f46-4fa3-4d5d-9f9c-beb78fdb268a,oceans.ski,available,76.98,82.98,high,low,6,namecheap,,,18/09/2026 06:58
21fe68ce-ff2d-4233-b3b1-62a015ff2248,mabel.ski,available,27.99,64.99,high,low,5,namesilo,,,25/09/2026 13:35
69718d87-7aae-41db-b243-684c21d54b3e,actually.ski,available,20.9,51.95,high,low,8,spaceship,,,28/09/2026 11:45
10380d7c-2588-4b92-9795-9c041f2605e2,flowers.ski,available,39.99,,high,medium,7,name.com,,,
de462297-c3ef-4a3f-9995-9715a052703d,picasso.ski,available,50.2,50.2,high,low,7,cloudflare,,,28/09/2026 20:04
61fd48fa-9bbd-4452-9531-b5f2b60ec1d7,bangui.ski,available,27.99,64.99,medium,low,6,namesilo,,,22/09/2026 02:03
5ea2b6bf-ddec-48eb-bed9-c3c07d14e39c,officious.ski,available,39.99,86.99,medium,low,9,name.com,,,11/08/2026 11:26
ed4bd923-cc23-4b96-9a4a-74f8d307bb08,plug.ski,available,26.5,,high,low,4,unstoppable,,,29/09/2026 00:52
e8960875-58c4-48b0-94c6-7c59117aa6ba,melancholy.ski,available,76.98,82.98,high,low,10,namecheap,,,25/09/2026 19:05
787ecca5-82b2-4583-a0b1-ec6df9d0e974,avaritia.ski,available,27.99,64.99,medium,low,8,namesilo,,,21/09/2026 08:46
3695d78b-1943-4b23-80dd-46ac843d1219,mimosa.ski,available,76.98,82.98,high,low,6,namecheap,,,16/09/2026 20:07
ecaf615a-761f-43d3-9c4e-f5646ad49320,baylor.ski,available,27.99,64.99,medium,low,6,namesilo,,,27/09/2026 01:57
9e3c202e-339b-4b61-bef6-6a053c3380c9,tables.ski,available,27.99,64.99,high,low,6,namesilo,,,27/09/2026 02:00
b474a239-8f1d-4d57-aa6f-24ca1c7eda1c,pasted.ski,available,39.99,86.99,high,low,6,name.com,,,20/08/2026 15:14
7c4fa664-3d29-4338-b741-3b92c3aaf393,leggy.ski,available,39.99,86.99,medium,low,5,name.com,,,22/08/2026 22:57
5192536c-382f-4a13-8648-9fb5d62f2fea,wolff.ski,available,39.99,86.99,high,low,5,name.com,,,25/09/2026 23:22
cb267670-bdc1-4c53-9c6c-fb36fe60caed,oxonian.ski,available,27.99,64.99,medium,low,7,namesilo,,,04/09/2026 22:32
8566c16f-9712-487a-9179-fbbe8bdd2ac5,superbly.ski,available,20.9,51.95,medium,low,8,spaceship,,,28/09/2026 10:44
65df6741-d6f8-479c-96e0-013627663353,armoire.ski,available,27.99,64.99,medium,low,7,namesilo,,,20/09/2026 07:20
77cfcabc-a756-4d39-ae44-bc313c6631b1,compelled.ski,available,27.99,64.99,low,low,9,namesilo,,,28/09/2026 23:06
17c5619b-d920-4d08-b024-5e2493da8479,gallipoli.ski,available,26.5,,medium,low,9,unstoppable,,,29/09/2026 22:32
0a4b62e5-1910-4760-a155-ffb3b659329b,barbel.ski,available,76.98,82.98,medium,low,6,namecheap,,,22/09/2026 04:47
d13bd919-cf12-4d6c-985e-eaf051e311b4,treasured.ski,available,39.99,86.99,high,low,9,name.com,,,12/08/2026 04:21
5e9eeb3b-435e-43e2-835b-4aa0ec5bb555,hasty.ski,available,39.99,86.99,medium,low,5,name.com,,,21/08/2026 01:15
9e6e4ca3-db5b-479f-bf65-033016a10713,bennett.ski,available,27.99,64.99,high,low,7,namesilo,,,23/09/2026 08:31
9244b23d-5667-4335-80c8-f4efd3346efa,zealously.ski,available,27.99,64.99,medium,low,9,namesilo,,,16/09/2026 11:50
bc67a476-cd2b-41d9-acbd-d18bed65ee0f,emilia.ski,available,26.5,,medium,low,6,unstoppable,,,28/09/2026 09:36
6cd4fd75-1d6b-47c1-a1ed-57c2f501f1f2,smokeless.ski,available,27.99,64.99,high,low,9,namesilo,,,10/09/2026 11:57
0495f1f4-5b03-4462-96af-c9e9150d9056,tremulous.ski,available,27.99,64.99,medium,low,9,namesilo,,,09/09/2026 07:46
ff08e065-3a1b-4e34-a99d-86e43dcb727a,torso.ski,available,20.9,51.95,high,low,5,spaceship,,,29/09/2026 08:14
02881c9b-bccc-4116-8215-604950b6ddd7,milanese.ski,available,39.99,86.99,medium,low,8,name.com,,,24/08/2026 22:53
c7001dd0-841b-4bd6-86fe-39a4c4559cdb,qualifying.ski,available,39.99,86.99,high,low,10,name.com,,,23/08/2026 12:37
0a54dff7-f35b-449d-9f6a-c7e43b45c14a,plantation.ski,available,20.9,51.95,high,low,10,spaceship,,,28/09/2026 06:31
7fd8ae82-5f06-42e0-bf5a-388943900a1f,sir.ski,available,27.99,64.99,high,low,3,namesilo,,,26/09/2026 00:18
d61533c3-aee1-4b1f-bccf-5def4509cc08,procedural.ski,available,27.99,64.99,high,low,10,namesilo,,,09/09/2026 02:31
a20f1954-3342-45d1-9736-477371b75869,markovian.ski,available,39.99,86.99,medium,low,9,name.com,,,24/08/2026 16:06
9420ba57-b2b8-41e6-9c81-d6618cc21475,ankus.ski,available,27.99,64.99,medium,low,5,namesilo,,,19/09/2026 09:49
e3c794a0-5468-48cb-b085-9f350d7f0231,gratuitous.ski,available,39.99,86.99,high,low,10,name.com,,,13/08/2026 03:14
8a889a88-39e3-4391-9e85-d01b137c52b9,sts.ski,available,21.62,53.72,high,low,3,dynadot,,,28/09/2026 11:46
70d99166-d465-497a-9036-7f8658d10fd9,pummel.ski,available,27.99,64.99,medium,low,6,namesilo,,,23/09/2026 13:52
ff1cf426-4041-49f1-8ae6-77e69b64570e,approach.ski,available,39.99,86.99,high,low,8,name.com,,,06/08/2026 08:44
d85e7d80-2aaa-44ed-b88b-a608ba8a94a1,kilometre.ski,available,27.99,64.99,high,low,9,namesilo,,,30/09/2026 01:35
f513232a-262e-4026-969c-3ac2f74154c7,stanley.ski,available,27.99,64.99,high,low,7,namesilo,,,25/09/2026 06:08
606083b1-d5c4-4777-92f0-0defe57e8a11,booty.ski,available,76.98,82.98,high,low,5,namecheap,,,29/09/2026 11:44
bc41483a-ec9f-4eb2-ae29-ed9707c345f0,vaunt.ski,available,39.99,86.99,medium,low,5,name.com,,,11/08/2026 01:09
7b0e3f5b-cea5-4895-b469-c924bdb83ee3,sulfuric.ski,available,27.99,64.99,medium,low,8,namesilo,,,11/09/2026 01:29
8eca0d2b-964c-4137-9581-8b76e81fc821,canary.ski,available,39.99,86.99,high,low,6,name.com,,,11/08/2026 16:10
a53869d8-3847-4323-9b5b-afd326959435,airframe.ski,available,76.98,82.98,high,low,8,namecheap,,,17/09/2026 23:10
4ac23ffa-5a4f-41b4-a24f-09bdeafac2e4,slugs.ski,available,27.99,64.99,medium,low,5,namesilo,,,20/09/2026 08:54
8d34350f-2b89-4a6f-a543-4ec2c938aec0,heartily.ski,available,27.99,64.99,high,low,8,namesilo,,,14/09/2026 08:41
96a7ae61-1b7f-4021-9a15-2aa522dfd642,logrolling.ski,available,76.98,82.98,medium,low,10,namecheap,,,23/09/2026 20:50
97e3acc1-f6a0-4968-aeda-b84ef1cccb87,llc.ski,available,27.99,64.99,high,low,3,namesilo,,,25/09/2026 11:14
b789d15f-965a-45d9-b155-fb5ffc22d434,taps.ski,available,20.9,51.95,high,low,4,spaceship,,,29/09/2026 20:29
1cc05180-3d1f-4d03-8d88-70f3d0500e86,injectable.ski,available,39.99,86.99,high,low,10,name.com,,,22/08/2026 05:36
c1567318-ef5a-49c8-84e1-4f356af9778a,uncritical.ski,available,27.99,64.99,medium,low,10,namesilo,,,12/09/2026 06:26
1a4eb531-db5b-4e04-b1a9-33761a5af228,terminal.ski,available,27.99,64.99,high,low,8,namesilo,,,08/09/2026 11:51
3db1d283-91fc-4c24-be5c-d741b51d2c98,trade.ski,premium,54.36,108.6,high,medium,5,porkbun,,,30/09/2026 02:52
58f6ae68-6992-4680-9119-0f1221845659,spun.ski,available,50.2,50.2,medium,low,4,cloudflare,,,29/09/2026 15:59
857833de-9abf-4c59-afc3-ce199cb03f0c,invading.ski,available,39.99,86.99,medium,low,8,name.com,,,22/08/2026 02:12
0c3c9d0e-5bc3-4cde-b20d-8801729d217e,loops.ski,available,27.99,64.99,high,low,5,namesilo,,,17/09/2026 12:15
641635c9-2af2-4ca6-8b8b-b3dae44c79a0,plato.ski,available,50.2,50.2,high,low,5,cloudflare,,,29/09/2026 13:42
231fda45-84bf-4c38-91bd-d89e52f33090,unseeded.ski,available,76.98,82.98,medium,low,8,namecheap,,,12/09/2026 19:10
6a944eee-105e-4342-b561-31c7cafcb8ab,protection.ski,premium,135.2,135.2,high,low,10,namecheap,,,19/09/2026 09:47
30fd4526-ad61-4b88-86e2-de810f7decac,edgeless.ski,available,39.99,86.99,medium,low,8,name.com,,,15/08/2026 08:37
59dba61a-a647-4b2a-ad9b-b7ae65ed7a40,pennyroyal.ski,available,76.98,82.98,high,low,10,namecheap,,,18/09/2026 20:31
11995b35-83c0-4d95-952f-e4fd05f23a06,atropine.ski,available,27.99,64.99,medium,low,8,namesilo,,,21/09/2026 01:00
6477d50f-5a31-4399-8f7a-41d1a6f62f8f,remindful.ski,available,39.99,86.99,medium,low,9,name.com,,,17/08/2026 15:18
200aaf17-c2f4-4a2d-a09f-0864e139ddf5,tortious.ski,available,76.98,82.98,medium,low,8,namecheap,,,11/09/2026 17:59
3d18a434-4063-43d3-b696-12d5345eabd1,seafaring.ski,available,27.99,64.99,high,low,9,namesilo,,,04/09/2026 00:22
a47a7576-c257-4591-814d-3b93a382e2b5,sabbatical.ski,available,76.98,82.98,high,low,10,namecheap,,,09/09/2026 20:30
864da648-67cd-44ca-905e-acacbcf96795,beggar.ski,available,76.98,82.98,high,low,6,namecheap,,,23/09/2026 02:08
544087af-c0d2-4a99-920b-c6ddb1dcf47d,ferret.ski,available,76.98,82.98,high,low,6,namecheap,,,23/09/2026 23:49
01aa04f6-8e86-4ea8-97c2-735f866acc7f,crawling.ski,available,26.5,,high,low,8,unstoppable,,,28/09/2026 05:30
4f10f0c3-732c-4cfe-9717-560928d7b407,indefinitely.ski,available,26.5,,medium,low,12,unstoppable,,,28/09/2026 22:50
372c39c4-de9e-4b04-b47a-a2c52bce4869,reasonable.ski,available,76.98,82.98,high,low,10,namecheap,,,24/09/2026 16:20
7bd0d124-181f-43fa-99a8-0217e52a049c,unwitting.ski,available,27.99,64.99,medium,low,9,namesilo,,,12/09/2026 14:24
3e621948-58e5-479e-9477-cee9b9a4d17c,flavorous.ski,available,39.99,86.99,medium,low,9,name.com,,,18/08/2026 07:08
707099e2-0ad2-4fa1-909e-366c2b3d4252,limpkin.ski,available,76.98,82.98,medium,low,7,namecheap,,,19/09/2026 23:59
02ac2158-587a-4ce7-a6bf-4c3797303d0b,protrude.ski,available,27.99,64.99,high,low,8,namesilo,,,08/09/2026 23:44
12dcde15-0471-45e5-98c0-181bba4a9d37,rattled.ski,available,39.99,86.99,medium,low,7,name.com,,,18/08/2026 09:33
25dd0033-9142-4a58-a213-da8d7cb7a8f2,gainfully.ski,available,76.98,82.98,medium,low,9,namecheap,,,14/09/2026 20:58
6d37e8b0-7e57-4fe5-8f8c-86df506d8083,schematic.ski,available,27.99,64.99,high,low,9,namesilo,,,09/09/2026 23:02
434d9123-a444-4d38-aac0-a5635970eeb9,lenox.ski,available,20.9,51.95,medium,low,5,spaceship,,,28/09/2026 22:22
254051e3-cf8d-4379-9b8c-4393c5947b8d,duly.ski,available,27.99,64.99,high,low,4,namesilo,,,14/09/2026 14:47
ffb8620c-5f3e-4929-8359-75752b05a4d6,montgomery.ski,available,27.99,64.99,high,low,10,namesilo,,,16/09/2026 12:22
478a1bdb-9a13-4380-8afd-9c56ef0d0cec,mobs.ski,available,27.99,64.99,medium,low,4,namesilo,,,18/09/2026 05:11
84e084b4-b1c0-4dd8-b726-6723bf217860,blackfriar.ski,available,39.99,86.99,medium,low,10,name.com,,,14/08/2026 15:46
7e7e6753-8e6c-460f-bf57-59a93114fb7f,fibers.ski,available,27.99,64.99,medium,low,6,namesilo,,,29/09/2026 10:34
fe0eb1e4-0a1b-4acb-8121-be9243b84fb8,bezzant.ski,available,27.99,64.99,low,low,7,namesilo,,,23/09/2026 12:17
25c2edd1-a440-4c5d-9137-30bae2930a2e,physician.ski,available,27.99,64.99,high,low,9,namesilo,,,24/09/2026 23:20
e5613bfe-ee97-4200-9c85-f10f4af41026,carryforward.ski,available,27.99,64.99,medium,low,13,namesilo,,,16/09/2026 06:47
3d649a2f-d9f0-428b-b3a7-3bd2c6f1a87d,hbo.ski,available,,,high,medium,3,,,,
d0057532-2140-4a84-b3e0-bfdd177d21cd,scales.ski,available,20.9,51.95,high,low,6,spaceship,,,29/09/2026 09:18
9f3252c8-599f-4924-a4c3-02c803e8bce0,taint.ski,available,27.99,64.99,high,low,5,namesilo,,,24/09/2026 17:39
3725d9d0-f571-44e7-a19f-a3ba7ff1d075,gina.ski,available,50.2,50.2,high,low,4,cloudflare,,,27/09/2026 17:32
29193d19-d49a-458b-9be6-189413e92eac,molotov.ski,available,27.99,64.99,high,low,7,namesilo,,,29/09/2026 13:28
29a62852-c533-4074-8654-8bb11a9c68a2,histrion.ski,available,27.99,64.99,medium,low,8,namesilo,,,11/09/2026 13:07
87e43a73-bbab-4d12-9a92-73ccd4cf72cb,beginning.ski,available,39.99,86.99,high,low,9,name.com,,,09/08/2026 09:06
2095e704-a932-488f-a115-7db00e24feae,thundery.ski,available,39.99,86.99,medium,low,8,name.com,,,13/08/2026 19:58
23ebdad0-9bac-48fd-a0bf-58850fc8fb71,streaming.ski,available,27.99,64.99,high,low,9,namesilo,,,28/09/2026 05:22
8a9f22bb-5b9f-464a-9061-c03af8a33873,induced.ski,available,39.99,86.99,high,low,7,name.com,,,22/08/2026 03:27
a7f33725-9296-4b85-a60a-b528697094f4,trait.ski,available,27.99,64.99,high,low,5,namesilo,,,29/09/2026 08:15
2536eca4-1f99-4e9d-b23f-d468405c47a1,luminous.ski,available,39.99,86.99,high,low,8,name.com,,,
b2ed63b8-062a-4fcb-8f69-fc3aa8b2880d,minty.ski,available,39.99,86.99,high,low,5,name.com,,,25/08/2026 00:53
0b9802a5-3618-408f-b5b6-663ea4681dcc,antakya.ski,available,27.99,64.99,medium,low,7,namesilo,,,19/09/2026 12:30
d91de6b8-660f-4996-bf46-35d196868256,emergencies.ski,available,27.99,64.99,medium,low,11,namesilo,,,29/09/2026 16:56
f059ed0c-916b-482e-9564-92cbc2c57105,hail.ski,available,27.99,64.99,high,low,4,namesilo,,,16/09/2026 22:38
0a7f84c4-7487-43cb-a7c8-c6ef9ab68d5d,drunken.ski,available,39.99,86.99,medium,low,7,name.com,,,09/08/2026 19:02
43b3446c-a23e-408f-afbd-5935c1ecf33a,contact.ski,premium,118.8,118.8,high,medium,7,namesilo,,,28/09/2026 01:41
96f2a73c-46d5-4856-b1cb-bc7ce19ed844,reclusive.ski,available,27.99,64.99,medium,low,9,namesilo,,,09/09/2026 11:40
f40c691f-9236-4052-a8de-c5ce07dddb9c,wiped.ski,available,20.9,51.95,low,low,5,spaceship,,,28/09/2026 04:58
8a3cd6c7-fa93-4f83-9f89-161b51008f0c,firmly.ski,available,76.98,82.98,high,low,6,namecheap,,,19/09/2026 17:07
e0ce8dda-b4b3-4ba1-8076-1b4274aadf6f,tab.ski,premium,102.67,102.67,high,low,3,spaceship,,,28/09/2026 10:59
23715200-579c-4246-9b3f-857cabbb4dcf,photos.ski,premium,4140,4140,high,low,6,namesilo,,,17/09/2026 16:48
aa17ef68-7dc6-4fa9-94b6-e32713683456,practical.ski,available,39.99,86.99,high,low,9,name.com,,,21/08/2026 00:29
1e498f5e-b4a0-4a2a-bcb2-7407a1fdccfd,viewable.ski,available,27.99,64.99,high,low,8,namesilo,,,13/09/2026 05:37
3fe2e8b8-6354-4bf8-aa31-282d7915bfe1,underclass.ski,available,27.99,64.99,medium,low,10,namesilo,,,12/09/2026 07:22
16917436-2454-4c41-80c4-071d5f487374,rap.ski,available,27.99,64.99,high,low,3,namesilo,,,08/09/2026 10:15
b5147efe-b00d-4608-a18d-81da081631fb,ordained.ski,available,39.99,86.99,medium,low,8,name.com,,,13/08/2026 22:16
222e998b-3116-494e-9cdc-bdd884f46978,pratt.ski,available,27.99,64.99,high,low,5,namesilo,,,25/09/2026 12:12
b39cdde0-c5bb-4ed4-8e2e-e1aa7c5090ad,bioscope.ski,available,76.98,82.98,medium,low,8,namecheap,,,23/09/2026 19:01
9c3fc2be-95bf-4cf5-8678-fb0b2580b83c,truce.ski,available,27.99,64.99,high,low,5,namesilo,,,20/09/2026 07:17
c7db2a29-3869-487b-ba69-41c75733e93c,turkestan.ski,available,27.99,64.99,medium,low,9,namesilo,,,30/09/2026 03:05
157bb738-efca-4d07-881f-9d193ed3f02b,leader.ski,available,26.5,,high,low,6,unstoppable,,,30/09/2026 02:28
db788cad-2c33-4d89-8d6f-56532ef2d2c5,coastwise.ski,available,39.99,86.99,medium,low,9,name.com,,,12/08/2026 14:12
38e5b626-4e8c-45be-a977-1e5df95938cb,mingy.ski,available,39.99,86.99,low,low,5,name.com,,,24/08/2026 23:43
85b47a3b-25c4-4ada-8f15-a22afe13c8c9,rutty.ski,available,76.98,82.98,medium,low,5,namecheap,,,09/09/2026 20:24
ae24cba3-aaf1-4e98-be21-783b3e1173c7,worlds.ski,available,27.99,64.99,high,low,6,namesilo,,,18/09/2026 17:40
09eced59-7717-4106-a201-fd879b8eb7a7,sale.ski,available,26.5,,high,low,4,unstoppable,,,29/09/2026 13:09
a8bf8158-6361-4271-941a-989ee71f8e78,yates.ski,available,27.99,64.99,high,low,5,namesilo,,,25/09/2026 16:03
bd13d7cc-96a3-4ffb-9ac3-ec3986b266d1,screech.ski,available,27.99,64.99,high,low,7,namesilo,,,09/09/2026 23:57
96b4f58a-7264-4512-9453-732aedc6027e,levodopa.ski,available,27.99,64.99,high,low,8,namesilo,,,23/09/2026 07:46
51eca0c7-a377-4d70-817f-49434f11729f,ruttish.ski,available,39.99,86.99,medium,low,7,name.com,,,21/08/2026 14:10
d1a60b88-e600-41db-8bec-787e72af93e1,sued.ski,available,39.99,,low,low,4,name.com,,,
f1d86900-8f49-4e79-961a-14cf993d1b9e,secretary.ski,available,76.98,82.98,high,low,9,namecheap,,,25/09/2026 22:37
47a6bd52-abae-4747-b86d-9bfdf432015b,pucka.ski,available,27.99,64.99,medium,low,5,namesilo,,,09/09/2026 05:26
3a95acd4-9b00-4428-99bb-34de958a1cab,recover.ski,available,39.99,,high,low,7,name.com,,,
f052d3c1-7877-483a-a3fa-31a93f5a40d1,nettlesome.ski,available,39.99,86.99,medium,low,10,name.com,,,
1125d9aa-4f97-4b7b-862c-ce39ff7dfbe9,araneae.ski,available,27.99,64.99,medium,low,7,namesilo,,,20/09/2026 00:06
3e286985-9ca8-4e8f-91cc-3c11e377a0bb,brinjal.ski,available,39.99,86.99,high,low,7,name.com,,,21/09/2026 02:34
30932e17-88ab-4ae0-b754-3934523d642b,laborious.ski,available,39.99,86.99,medium,low,9,name.com,,,06/08/2026 17:00
01bd6624-d629-46c5-8fb3-75dca8435ae7,impediment.ski,available,39.99,86.99,medium,low,10,name.com,,,14/08/2026 04:53
e1f658bf-39f6-4a6b-9e41-dd2f4d39a8b1,lizzie.ski,available,26.5,,high,low,6,unstoppable,,,28/09/2026 11:45
faa8361e-b94e-4c14-bcb6-f3f44e01b9bd,judgment.ski,available,26.5,,high,low,8,unstoppable,,,30/09/2026 01:01
79fe8758-612b-4651-a0be-939bd1ff5b26,outburst.ski,available,21.62,53.72,high,low,8,dynadot,,,30/09/2026 01:27
da0733e9-eea1-41b1-8b08-63f13233214e,truncate.ski,available,27.99,64.99,high,low,8,namesilo,,,11/09/2026 20:40
a45649da-d783-469e-9cb9-37c2127b41a3,hilda.ski,available,27.99,64.99,high,low,5,namesilo,,,27/09/2026 19:38
c793cdbe-cd38-4d5b-8a27-f8fd52635a8c,adviser.ski,available,21.11,52.01,high,low,7,porkbun,,,28/09/2026 19:03
380dfb07-c553-4caa-9148-0f6850b35934,unlit.ski,available,27.99,64.99,medium,low,5,namesilo,,,12/09/2026 13:03
e28bd7ac-84ac-4cb6-bb4f-2c6779250961,loveable.ski,available,39.99,86.99,high,low,8,name.com,,,24/08/2026 10:07
03432d50-a2db-45a0-8633-f0818ae1113f,mesic.ski,available,39.99,86.99,medium,low,5,name.com,,,24/08/2026 21:11
bc83a143-a5f0-434b-9eaa-279801958299,armorer.ski,available,27.99,64.99,high,low,7,namesilo,,,20/09/2026 07:29
32bb8f4d-148d-4485-91be-5b6001b57b2b,totaled.ski,available,27.99,64.99,medium,low,7,namesilo,,,28/09/2026 09:24
8b4ec4d9-bfb8-4cf1-a755-d4de4df4d612,knavish.ski,available,39.99,86.99,medium,low,7,name.com,,,13/08/2026 04:34
80f405d5-c664-4e65-be55-58fd4aa4902d,nursed.ski,available,27.99,64.99,medium,low,6,namesilo,,,03/09/2026 23:03
bb2c8a9a-d2ea-4ee3-9f1f-7e96ab68c5e6,trucks.ski,available,50.2,50.2,high,low,6,cloudflare,,,29/09/2026 08:57
98284235-d303-4586-bba4-8ee538bf3a5e,superiority.ski,available,27.99,64.99,high,low,11,namesilo,,,29/09/2026 16:23
46338d11-9547-45e0-87b8-050d261280ea,hosts.ski,available,27.99,64.99,medium,low,5,namesilo,,,18/09/2026 22:23
cf61bea6-3d32-49d1-9b6b-f7020a3890a7,booklet.ski,available,27.99,64.99,high,low,7,namesilo,,,24/09/2026 07:06
f5e6c99c-38f6-4a03-8cbb-2c66a8b8bfc2,eloquent.ski,available,39.99,86.99,high,low,8,name.com,,,16/08/2026 06:14
661a86b5-efc6-4ed2-abfb-44c0f5675686,stepmother.ski,available,39.99,,high,low,10,name.com,,,
f7d08657-ae80-4243-be4f-5c0f704e4674,foes.ski,available,27.99,64.99,low,low,4,namesilo,,,18/09/2026 06:38
f48fa623-39e6-4d22-a326-4bd7af7f8166,proximal.ski,available,27.99,64.99,high,low,8,namesilo,,,09/09/2026 04:44
23ef7a9b-03b5-4939-bc23-97b59b4d03c0,adkins.ski,available,27.99,64.99,medium,low,6,namesilo,,,29/09/2026 23:23
0161a7cb-a75f-4b27-843f-a57f2a5053a3,pad.ski,available,26.5,,high,low,3,unstoppable,,,29/09/2026 16:29
7ab01623-7f0a-44e8-be9e-41fd75f5fb2a,leasing.ski,available,39.99,,high,low,7,name.com,,,
a140b346-72d6-41ea-8d50-4ff099ce7213,light.ski,premium,118.8,118.8,high,low,5,namesilo,,,
a5dc92ae-89d4-41ac-94e1-e4afc31a6b1a,switched.ski,available,27.99,64.99,medium,low,8,namesilo,,,27/09/2026 09:43
3fa05c55-39ed-434f-a6f1-77f67fa33eda,introduced.ski,available,39.99,,high,low,10,name.com,,,
69bd57f8-0edd-44ea-9754-67d06a067e35,milliliter.ski,available,39.99,86.99,medium,low,10,name.com,,,11/08/2026 22:53
96541478-7799-43fa-9d85-fc6b2562dde0,aerobic.ski,available,76.98,82.98,high,low,7,namecheap,,,21/09/2026 21:01
6ba1750c-d265-47d7-9ea7-ff8779d6a932,hobbies.ski,available,76.98,82.98,medium,low,7,namecheap,,,20/09/2026 22:38
a4172009-d32a-482f-a995-57a4f2856bfb,alec.ski,available,26.5,,high,low,4,unstoppable,,,28/09/2026 16:21
8216ad49-9c29-4d92-b277-f972785f798f,graduated.ski,available,39.99,86.99,high,low,9,name.com,,,11/08/2026 14:18
dab10b25-c79f-44b6-8bdc-7a1014a0c945,blistering.ski,available,39.99,86.99,high,low,10,name.com,,,
0c382ffc-bc90-41f9-b4a5-a1a5dbf41550,during.ski,available,39.99,,medium,low,6,name.com,,,
8be5e2c1-9c6c-48ee-a1d4-dcedde5477fb,bane.ski,available,76.98,82.98,medium,low,4,namecheap,,,22/09/2026 01:39
2b3853a4-fc55-41fc-a025-96441b8b9dd7,charitably.ski,available,27.99,64.99,medium,low,10,namesilo,,,14/09/2026 06:19
d2849cab-321f-4bc3-b17e-d1a2373a4828,wiring.ski,available,39.99,,high,low,6,name.com,,,
9bffd9e4-2461-4480-ad8d-1c3df17cee61,horseback.ski,available,27.99,64.99,high,low,9,namesilo,,,21/09/2026 23:38
e2efecd7-604b-4b08-8aee-1dbea6f0ec37,stoppers.ski,available,27.99,64.99,medium,low,8,namesilo,,,20/09/2026 12:45
455ff757-9037-4754-b732-d3df47b9dda0,aneuploid.ski,available,39.99,86.99,medium,low,9,name.com,,,
c74f0baf-c35b-46e1-8d0e-4e7067b07114,shapeless.ski,available,39.99,86.99,medium,low,9,name.com,,,
14625fb7-9b74-4b30-b260-ac521f40501b,composition.ski,available,50.2,50.2,medium,low,11,cloudflare,,,28/09/2026 22:45
64c11fbe-b9e8-4217-b34c-92be096439c5,corsican.ski,available,39.99,86.99,high,low,8,name.com,,,13/08/2026 02:33
2819a919-39d0-44f4-a592-32ded395b4a9,corporation.ski,available,27.99,64.99,high,low,11,namesilo,,,27/09/2026 16:41
67a8c4fb-52e5-48d5-81b0-d7d8878d0953,negative.ski,available,27.99,64.99,high,low,8,namesilo,,,24/09/2026 11:09
f512e871-a193-4a62-ad90-9cfa2371c486,speckless.ski,available,39.99,86.99,medium,low,9,name.com,,,21/08/2026 20:42
126be8df-1aa4-43d9-87f1-ccf74e6a39d1,gibb.ski,available,50.2,50.2,medium,low,4,cloudflare,,,29/09/2026 22:06
314ad4b5-923b-42ed-b079-cad53cbf9c42,embracing.ski,available,50.2,50.2,high,low,9,cloudflare,,,29/09/2026 18:00
af2d5d75-d86f-42f7-9a31-3f0af6785c31,esteemed.ski,available,39.99,86.99,high,low,8,name.com,,,17/08/2026 13:23
046a3449-3a23-495b-a38e-d5c26193edf8,scarlett.ski,available,39.99,,high,low,8,name.com,,,
287d95b9-514b-4992-880e-b83570d8b684,phonic.ski,available,76.98,82.98,high,low,6,namecheap,,,08/09/2026 19:06
ed878224-b9bf-4fbe-b2e1-43827ac49f07,balanitis.ski,available,76.98,82.98,medium,low,9,namecheap,,,21/09/2026 21:01
d34645b0-dd78-4a1e-a41c-6d8f8648f48f,versus.ski,available,27.99,64.99,high,low,6,namesilo,,,27/09/2026 17:11
df6fd2e8-1c7e-4569-8cd1-ec35055777bf,slovakian.ski,available,27.99,64.99,high,low,9,namesilo,,,10/09/2026 11:16
43bdb83e-6321-4bef-a7e4-93448cfcd9ed,recycling.ski,available,76.98,82.98,high,low,9,namecheap,,,28/09/2026 20:17
40ecdc35-1b8f-4d1e-8caf-772cc92fa466,gusts.ski,available,27.99,64.99,medium,low,5,namesilo,,,20/09/2026 20:54
0551c23e-2433-44a7-bb59-88859c72d892,noisy.ski,available,76.98,82.98,high,low,5,namecheap,,,03/09/2026 18:15
33df0eeb-46c7-4a3d-8ebd-659f4385c8fd,tbsp.ski,available,27.99,64.99,medium,low,4,namesilo,,,18/09/2026 08:20
cc61e155-e5e6-42ec-8d7a-8b81a9266f48,clonal.ski,available,39.99,86.99,medium,low,6,name.com,,,12/08/2026 12:01
ca50642b-3641-4871-a56d-1e4d0d920a67,pedant.ski,available,27.99,64.99,medium,low,6,namesilo,,,09/09/2026 23:15
155e5d6c-3ed4-43bd-b002-37dd26c9874a,triple.ski,available,27.99,64.99,high,low,6,namesilo,,,28/09/2026 02:16
75b2be72-6833-4b7e-9a19-3e5990a0d5a1,dealers.ski,available,76.98,82.98,medium,low,7,namecheap,,,28/09/2026 09:08
157f7292-b9a6-45cf-8542-c4b2155eda2c,hendrix.ski,available,27.99,64.99,high,low,7,namesilo,,,28/09/2026 05:59
058ee9e2-157d-4adb-a96a-720bd1bf1a4d,talking.ski,available,27.99,64.99,high,low,7,namesilo,,,25/09/2026 10:48
348d28ff-df00-485f-b472-9805445a417f,quality.ski,premium,118.8,118.8,high,low,7,namesilo,,,23/09/2026 14:21
f52f861d-9af1-4c46-9e3d-757569f8286e,clarinet.ski,available,26.5,,high,low,8,unstoppable,,,29/09/2026 11:55
8b296219-bc3d-4c6f-b70d-cda2c945bb95,anthurium.ski,available,76.98,82.98,high,low,9,namecheap,,,19/09/2026 13:58
f35edb3e-f27c-4a62-9daa-385a4824a6aa,jody.ski,available,39.99,,high,low,4,name.com,,,
e41a124e-4e62-457a-860a-fd3b73ac3a37,gesture.ski,available,27.99,64.99,high,low,7,namesilo,,,27/09/2026 13:44
b317f2c7-a637-4afa-a9f0-1c9f78b0664a,pao.ski,available,27.99,64.99,high,low,3,namesilo,,,29/09/2026 09:17
72f94bda-44a1-46a5-a560-99278f400ea6,danger.ski,available,21.62,53.72,high,low,6,dynadot,,,29/09/2026 13:11
f5095b85-14db-4377-b609-dc3d00b6679a,est.ski,premium,102.67,102.67,high,low,3,spaceship,,,28/09/2026 01:49
ee717157-7e31-4b4b-b045-547a23ddf860,cadenced.ski,available,39.99,86.99,medium,low,8,name.com,,,11/08/2026 12:46
81ce91ef-ef77-41e4-ab60-43f17d0860a1,windflower.ski,available,27.99,64.99,high,low,10,namesilo,,,19/09/2026 05:19
e87e50ec-8d53-4d20-a2db-224bc5a95614,predict.ski,premium,118.8,118.8,high,medium,7,namesilo,,,21/09/2026 03:41
52c20457-a51a-442d-a20d-892550adb63a,bicyclist.ski,available,27.99,64.99,high,low,9,namesilo,,,23/09/2026 13:22
4125b17b-4d52-454d-b58a-e2f72aa38cc4,franklin.ski,available,27.99,64.99,high,low,8,namesilo,,,23/09/2026 08:17
4d21c204-be36-4d85-b39e-de642ad555f2,aid.ski,premium,118.8,118.8,high,low,3,namesilo,,,28/09/2026 02:16
7fbd2136-f087-4939-a4cb-2c6abe1965c3,merrick.ski,available,76.98,82.98,medium,low,7,namecheap,,,28/09/2026 16:40
edbb662a-f4d0-4cd6-8987-c1f25d5fabcf,legible.ski,available,39.99,86.99,high,low,7,name.com,,,22/08/2026 22:59
db8149b9-72c4-47b3-8473-a2cf2164ac11,perpetrator.ski,available,20.9,51.95,medium,low,11,spaceship,,,29/09/2026 20:54
d23cba78-d80b-470e-933f-0d1f9070007e,nucleonics.ski,available,27.99,64.99,high,low,10,namesilo,,,21/09/2026 00:14
dbb7f381-4b89-4b09-bef1-b65f7bbb85a4,twist.ski,available,21.11,52.01,high,low,5,porkbun,,,28/09/2026 10:40
b546928b-18fa-4779-911e-d1ac1e9d3b4d,squad.ski,available,27.99,64.99,high,low,5,namesilo,,,26/09/2026 00:04
f3d9934d-f3cd-40e0-8418-ce4264b04c5b,currish.ski,available,39.99,86.99,low,low,7,name.com,,,13/08/2026 11:31
d06c0887-0f59-4fd3-9ff2-2d9a62a28388,recipe.ski,available,39.99,,high,low,6,name.com,,,
fcad82a1-0942-4e63-8bf9-9b6662fa2d71,alicia.ski,available,27.99,64.99,high,low,6,namesilo,,,27/09/2026 07:22
7521db52-38d1-41fb-84b8-d35fbe6d57f4,shelf.ski,available,21.62,53.72,high,low,5,dynadot,,,30/09/2026 02:43
31026562-b6f3-4f8d-aeda-f57fa69eb07a,beasts.ski,available,27.99,64.99,low,low,6,namesilo,,,28/09/2026 23:05
5f116c4c-9303-4402-8ab2-59dfb81f847d,useless.ski,available,27.99,64.99,medium,low,7,namesilo,,,28/09/2026 10:02
0d7906a1-8e2d-41a9-b126-67cdd430d56c,mussolini.ski,available,27.99,64.99,medium,low,9,namesilo,,,23/09/2026 08:12
204964a8-b504-4a01-9933-304ebced35d3,bitterness.ski,available,27.99,64.99,medium,low,10,namesilo,,,17/09/2026 03:08
48f7bea4-c6b3-4884-81c5-343ba38f225b,raises.ski,available,20.9,51.95,medium,low,6,spaceship,,,29/09/2026 10:51
436959b4-24ff-4747-bfd8-fde7e3350f90,upland.ski,available,39.99,86.99,high,low,6,name.com,,,21/08/2026 09:14
055adca2-5890-4d29-85c4-93842f154bc5,overjoy.ski,available,39.99,,high,low,7,name.com,,,
5eb443a7-f355-4d51-bba6-5e8a726628a7,strand.ski,available,39.99,86.99,high,low,6,name.com,,,24/08/2026 16:26
c47b620f-3f0d-4d16-a7db-83814b919762,multilane.ski,available,27.99,64.99,medium,low,9,namesilo,,,03/09/2026 10:43
6051abfb-2b55-47cf-b53c-24c064bf11fd,relativity.ski,available,27.99,64.99,high,low,10,namesilo,,,29/09/2026 12:09
46db2401-a9f3-42d6-962e-89db766c0ac3,annotation.ski,available,27.99,64.99,high,low,10,namesilo,,,19/09/2026 10:38
8ee676a1-c00f-401b-abb7-477f2385a314,whenever.ski,available,39.99,,medium,low,8,name.com,,,
58ec518c-a17c-4a9c-9c65-a6844ec6e792,occurring.ski,available,39.99,,high,low,9,name.com,,,
d2abdf12-6a19-4913-af06-33f5b388cec5,forehand.ski,available,39.99,86.99,medium,low,8,name.com,,,18/08/2026 11:38
deb71cc3-624b-4c05-898c-fb166d7262bb,managers.ski,available,27.99,64.99,medium,low,8,namesilo,,,20/09/2026 10:01
c61cdb46-2ebf-41af-bc6f-eb7086b771ee,homo.ski,available,39.99,86.99,high,low,4,name.com,,,18/08/2026 20:57
21cea7d8-b138-450d-b05e-a4357fb39bbe,discharged.ski,available,39.99,86.99,medium,low,10,name.com,,,14/08/2026 09:49
7e8b1b21-8957-47b0-9525-d7b54bd63923,each.ski,available,27.99,64.99,high,low,4,namesilo,,,24/09/2026 12:45
c6a6b7dc-418f-4c2e-8a7f-a44b0bbf1f82,chemotherapy.ski,available,26.5,,medium,low,12,unstoppable,,,29/09/2026 16:06
af0c4694-a6cd-47d7-a620-85c371ecb5be,nubile.ski,available,39.99,86.99,medium,low,6,name.com,,,24/08/2026 16:30
4bf9694d-20bf-40e1-8399-1f0981f4bd6e,slug.ski,available,27.99,64.99,high,low,4,namesilo,,,23/09/2026 13:52
446c4eff-3064-4911-a7c0-bab16d5aba0f,scripture.ski,available,27.99,64.99,high,low,9,namesilo,,,23/09/2026 12:48
0b0016e8-df42-4beb-a9f4-1939d7f11c57,anselm.ski,available,27.99,64.99,medium,low,6,namesilo,,,19/09/2026 12:02
3d8bfe7e-633f-40b4-806a-ea86ba920a5e,ambivalence.ski,available,39.99,,high,low,11,name.com,,,
94425fa1-fe63-4e3c-9ea4-978994ad728b,hyundai.ski,available,20.9,51.95,high,low,7,spaceship,,,29/09/2026 09:13
0b578caf-4dc0-4f71-b5ce-01ef94b61d68,musicians.ski,available,26.5,,medium,low,9,unstoppable,,,28/09/2026 17:31
19d778a4-1441-4926-9636-cdcc13f5992c,funfair.ski,available,27.99,64.99,high,low,7,namesilo,,,24/09/2026 16:14
cfab9ebb-a6a9-4022-908f-0c15f6866a12,decolor.ski,available,76.98,82.98,medium,low,7,namecheap,,,24/09/2026 05:10
b810c62a-dc89-428d-8a56-a287584cacd3,rudderless.ski,available,39.99,86.99,medium,low,10,name.com,,,
6c48c34c-335f-44c0-a432-15e76388f2a3,guards.ski,available,39.99,,high,low,6,name.com,,,
346e6dcd-5616-42cc-8cd0-032ccdb02a63,columns.ski,available,20.9,51.95,low,low,7,spaceship,,,28/09/2026 23:03
a1ea2389-baff-446c-bac0-411aec2fa2c0,rows.ski,available,20.9,51.95,low,low,4,spaceship,,,29/09/2026 10:22
eafa417c-cf15-414f-a9bc-b251d78744d9,yao.ski,premium,,,high,low,3,,,,28/09/2026 07:58
84f14431-3e9e-4927-9929-8213ec798e00,consul.ski,available,27.99,64.99,high,low,6,namesilo,,,24/09/2026 17:37
b9ee2d20-c3d9-46d8-88d4-b8b5fcfd9274,claims.ski,available,76.98,82.98,high,low,6,namecheap,,,25/09/2026 20:29
90a54413-9d86-4471-9976-1be26a8c62df,knower.ski,available,27.99,64.99,medium,low,6,namesilo,,,19/09/2026 22:14
6cbcdb9d-39fa-4acf-b20c-47f87996b34c,falcon.ski,available,20.9,51.95,high,medium,6,spaceship,,,28/09/2026 19:10
a70698c0-57e4-46d2-a8df-59c3ff0edee7,awed.ski,available,39.99,86.99,high,low,4,name.com,,,08/08/2026 00:44
0aff0487-786e-4692-8a8c-6c9fbed96a7d,sending.ski,available,76.98,82.98,high,low,7,namecheap,,,25/09/2026 10:37
a57dadb1-416d-447e-bc66-b6758874ecbb,hostile.ski,available,27.99,64.99,high,low,7,namesilo,,,25/09/2026 00:05
cf7bec59-3620-4860-a6ed-133040fe7a7a,whites.ski,available,27.99,64.99,high,low,6,namesilo,,,28/09/2026 16:57
77069edc-5d02-4358-9a88-0fe69dec7fe2,heuristic.ski,available,39.99,86.99,high,low,9,name.com,,,21/08/2026 07:34
dc7a15b7-0a74-4ed5-b631-04ec10336397,orders.ski,available,27.99,64.99,high,low,6,namesilo,,,18/09/2026 14:04
3207d7a8-9f5a-407a-bea9-d607a43aac50,agassiz.ski,available,27.99,64.99,medium,low,7,namesilo,,,17/09/2026 16:23
658cddce-cbb2-473e-af29-1f20f2957665,politics.ski,available,27.99,64.99,high,low,8,namesilo,,,27/09/2026 05:03
6346b9d4-8365-4afc-857e-4968fc5ee087,endorse.ski,available,27.99,64.99,high,low,7,namesilo,,,08/09/2026 09:45
3707d7ca-b506-4aa6-9547-ca62f66c4f99,millionth.ski,available,39.99,86.99,high,low,9,name.com,,,24/08/2026 23:25
d859bd18-ff72-4477-9077-b6f7b9a93a09,willful.ski,available,39.99,86.99,medium,low,7,name.com,,,18/08/2026 16:37
d6dea4d9-4f3b-4caa-bd2f-31fb73c1328b,newark.ski,available,20.9,51.95,high,low,6,spaceship,,,28/09/2026 19:59
81e6ad8a-833d-4621-a649-b6460218cc5d,dentist.ski,available,76.98,82.98,high,low,7,namecheap,,,29/09/2026 13:59
4c556917-b111-4eea-b2c6-d7d302e065c1,papered.ski,available,27.99,64.99,medium,low,7,namesilo,,,21/09/2026 10:14
698fad36-fdf3-4c93-ba8a-668987ea12fb,announce.ski,available,20.9,51.95,high,low,8,spaceship,,,29/09/2026 22:10
b34682b8-9c5b-4c35-ba7b-eaf5fb6c58b0,idyll.ski,available,27.99,64.99,high,low,5,namesilo,,,08/09/2026 10:11
8ec58e34-dd74-40b5-b530-fb6de2fc102f,equatorial.ski,available,39.99,86.99,high,low,10,name.com,,,17/08/2026 11:40
328f026d-4970-4921-81f3-4988da12b5fd,bomb.ski,premium,118.8,118.8,high,low,4,namesilo,,,29/09/2026 03:18
81424769-73df-43cb-b6e3-40ee5fea8bfc,clues.ski,available,20.9,51.95,medium,low,5,spaceship,,,28/09/2026 05:05
b80cef48-98f7-47ef-8593-ac48ac77e5c8,qualitative.ski,available,39.99,,high,low,11,name.com,,,
a4af93d4-dad5-4eb1-a1a9-4e3f239d4dd2,packages.ski,premium,854,854,medium,low,8,namesilo,,,19/09/2026 00:23
c95d8918-ebe8-4557-a614-0767fd63bdc9,crunch.ski,available,76.98,82.98,high,low,6,namecheap,,,24/09/2026 19:53
4f1f5af9-929d-48af-9058-6f6762dcc5a7,york.ski,available,26.5,,high,low,4,unstoppable,,,29/09/2026 23:04
1e2386dc-b07e-481e-aed8-2bbc36c8fd86,peaks.ski,available,20.9,51.95,high,low,5,spaceship,,,29/09/2026 17:03
fca29ef8-714a-4dea-9f1a-0f5e21dcbecc,sunday.ski,available,50.2,50.2,high,low,6,cloudflare,,,29/09/2026 02:45
0fb4a385-4f1d-4946-88e6-053baae5a8a5,ricky.ski,available,21.62,53.72,high,low,5,dynadot,,,27/09/2026 19:08
ae3154f1-521d-4e96-a96c-99c7b239d4c3,graz.ski,available,27.99,64.99,medium,low,4,namesilo,,,29/09/2026 01:07
c9e6d5b6-69e9-4495-86de-abac5966a7b4,easton.ski,available,27.99,64.99,high,low,6,namesilo,,,25/09/2026 16:33
3ac418d7-c713-4f2d-b8e8-4c9040d1a095,bouffant.ski,available,39.99,86.99,high,low,8,name.com,,,10/08/2026 21:32
6ac4c605-c57d-4aa7-af0a-8cd6e2f21ed8,sadat.ski,available,76.98,82.98,high,low,5,namecheap,,,19/09/2026 15:58
229fefc3-d6d0-42a4-9e5d-00b7c988a348,explosives.ski,available,76.98,82.98,medium,low,10,namecheap,,,28/09/2026 04:36
e689423f-5293-4ed0-968c-7897c843c25d,bryce.ski,available,20.9,51.95,high,low,5,spaceship,,,27/09/2026 19:56
8a03122e-25ed-4642-93fb-3e7f36146ed5,migraine.ski,available,50.2,50.2,high,low,8,cloudflare,,,30/09/2026 01:52
adc0b6a9-2156-481e-aa99-013e3ca5e13d,organize.ski,premium,118.8,118.8,high,low,8,namesilo,,,23/09/2026 23:13
c83711ea-5506-42e2-8b6e-f08c9629a29a,tertiary.ski,available,39.99,86.99,medium,low,8,name.com,,,
aaba6583-125c-4204-8861-553be7862dd5,idolized.ski,available,39.99,86.99,medium,low,8,name.com,,,
895a088e-b7a2-4a43-9a3e-8cbe2058868d,departed.ski,available,39.99,86.99,medium,low,8,name.com,,,07/08/2026 11:31
634188c4-2040-41b4-8cbe-391a84fbe4f4,chores.ski,available,20.9,51.95,medium,low,6,spaceship,,,29/09/2026 17:46
c1684ba5-321f-456b-b96d-2bd72bad0dd4,cia.ski,available,27.99,64.99,high,medium,3,namesilo,,,24/09/2026 13:36
7f092b4e-b4b9-4876-a8ec-d1493492271d,linger.ski,available,27.99,64.99,medium,low,6,namesilo,,,11/09/2026 08:37
742c734d-341d-4c19-a721-6ab2f7460e9b,apish.ski,available,39.99,86.99,medium,low,5,name.com,,,06/08/2026 00:12
79ebfcd9-5bde-4b03-ad24-65c69bf3dca2,outdoors.ski,premium,135.2,135.2,high,low,8,namecheap,,,21/09/2026 23:54
104c073e-7dd5-4dd3-a36a-5a7cc58b8d7b,corpulence.ski,available,27.99,64.99,medium,low,10,namesilo,,,04/09/2026 22:00
e75046c1-cdbb-43f8-85a5-d82c4a4ac21a,indulge.ski,available,76.98,82.98,high,low,7,namecheap,,,21/09/2026 13:04
8b2f4c56-e388-408a-81a9-d3a774e6631f,rice.ski,available,26.5,,high,low,4,unstoppable,,,28/09/2026 07:31
16711df1-66ca-4c40-82c8-1cf19e8cff45,richelieu.ski,available,27.99,64.99,medium,low,9,namesilo,,,20/09/2026 06:31
304cce18-7e1e-49a6-b12e-923784aa1895,connectors.ski,available,50.2,50.2,high,low,10,cloudflare,,,28/09/2026 05:16
e521b738-1431-4a2c-8fea-a840c59c7802,barrage.ski,available,27.99,64.99,medium,low,7,namesilo,,,22/09/2026 07:57
dc73646e-1860-46ab-9e0e-03b99e4dd2fb,lxxxiii.ski,available,39.99,86.99,medium,low,7,name.com,,,
b4c05bd8-92eb-4a24-8135-fce1fe1a95a6,detected.ski,available,27.99,64.99,high,low,8,namesilo,,,24/09/2026 07:30
a3896b51-b4e1-414a-9ddc-178cd1e77354,cheeses.ski,available,39.99,,high,low,7,name.com,,,
d76c59e2-0b85-4dc2-b2ce-3cf705299445,squiggly.ski,available,27.99,64.99,medium,low,8,namesilo,,,10/09/2026 17:43
3674d3d6-2628-4728-93c6-5fe9872f935f,bottles.ski,available,27.99,64.99,high,low,7,namesilo,,,18/09/2026 04:05
98a46d20-2b4a-4c09-b4a8-3c70aab1c8ba,whorehouse.ski,available,76.98,82.98,medium,low,10,namecheap,,,21/09/2026 18:13
e022ed3a-ce81-4f11-b627-140708c73ea7,boozer.ski,available,39.99,86.99,medium,low,6,name.com,,,
ac8d0941-05f8-4172-b641-ca2ec5c1cea6,headmaster.ski,available,26.5,,high,low,10,unstoppable,,,29/09/2026 13:01
260c68cc-bb99-403d-a2b3-bcb8cc2eb2db,mallory.ski,available,76.98,82.98,high,low,7,namecheap,,,28/09/2026 04:03
0b973d75-0acf-4426-9741-fbba7d893bd8,curving.ski,available,39.99,86.99,high,low,7,name.com,,,13/08/2026 11:49
c0308d11-2a1a-40f5-8ac1-620a3f86cfad,deltoid.ski,available,39.99,86.99,medium,low,7,name.com,,,14/08/2026 00:50
41b04736-6c29-4434-a635-bc456d5c48f0,kinetic.ski,premium,118.8,118.8,high,low,7,namesilo,,,17/08/2026 06:45
24472dcb-c8c0-474b-a5fa-73155b49bc3a,sycamore.ski,available,27.99,64.99,high,low,8,namesilo,,,16/09/2026 23:36
6f3e819a-16b7-4760-bcc5-81e32f4fa5ff,collar.ski,available,27.99,64.99,high,low,6,namesilo,,,20/09/2026 09:02
ecb81a5e-4e5d-4aa4-9eae-8f80ced9fd4d,tissue.ski,available,76.98,82.98,high,low,6,namecheap,,,27/09/2026 05:43
35356b01-eeff-475d-972b-26aa7295f537,hurts.ski,available,27.99,64.99,medium,low,5,namesilo,,,27/09/2026 23:53
5aad01a4-5383-45a1-a265-17ec8803c147,momentary.ski,available,39.99,86.99,medium,low,9,name.com,,,18/08/2026 07:54
83a0a8a0-f8e0-476b-b0b0-fee91aed9c6a,ironical.ski,available,39.99,86.99,medium,low,8,name.com,,,22/08/2026 10:06
65324547-fcd3-4606-8bd9-c257d50844a9,accused.ski,available,27.99,64.99,medium,low,7,namesilo,,,28/09/2026 17:31
9eba5851-c5cb-4132-9579-d35b55f33b11,impulsive.ski,available,39.99,86.99,high,low,9,name.com,,,11/08/2026 01:34
601a0ea3-441d-4dd8-917b-2cc998ba2bee,cycles.ski,premium,135.2,135.2,medium,low,6,namecheap,,,20/09/2026 09:25
1c5d8879-52b4-4627-b9d5-8adca3e4eae6,nucleate.ski,available,27.99,64.99,medium,low,8,namesilo,,,03/09/2026 22:24
73ab1670-bbdd-44e1-8d79-7b19f9cfa14e,lacking.ski,available,27.99,64.99,medium,low,7,namesilo,,,28/09/2026 10:18
74df7ee4-e71b-4494-9cee-ec63c6f1630e,neighborhood.ski,available,39.99,,high,low,12,name.com,,,
47a4a7f2-eab7-41b8-9ddd-64291b58c63e,cardboard.ski,available,39.99,86.99,high,low,9,name.com,,,11/08/2026 18:49
3d7fc6ca-79e1-454c-8e0e-e61d4e309736,indigene.ski,available,27.99,64.99,medium,low,8,namesilo,,,03/09/2026 13:49
bc8c78fa-4cda-4253-b579-f09e962d7ec6,destined.ski,available,27.99,64.99,high,low,8,namesilo,,,24/09/2026 06:55
18211afc-9209-4522-8441-19083a306cb6,dermal.ski,available,39.99,86.99,high,low,6,name.com,,,13/08/2026 13:00
8888b69b-e167-476a-9ce1-2223766e36b9,indium.ski,available,27.99,64.99,medium,low,6,namesilo,,,20/09/2026 23:11
ae8b0afb-eaa9-461e-ad70-d691d5e89dfb,retraction.ski,premium,118.8,118.8,high,low,10,namesilo,,,16/09/2026 15:59
01d44ac2-492f-45b1-96f7-3c936bee4b44,circuitous.ski,available,39.99,86.99,medium,low,10,name.com,,,12/08/2026 08:18
8e1e0fef-5bcb-46ad-a582-18da6a2e6c7b,echoic.ski,available,39.99,86.99,medium,low,6,name.com,,,14/08/2026 23:34
22410d9d-3e60-4f2f-a78d-40aff7fdcb39,dazzling.ski,available,39.99,86.99,high,low,8,name.com,,,10/08/2026 13:44
ff0af5cd-4047-4675-820a-d8101a8f2f2b,masonic.ski,available,39.99,86.99,high,low,7,name.com,,,24/08/2026 16:39
77074608-e1ff-4a5f-b2d1-38fc7d87b800,caring.ski,available,27.99,64.99,high,low,6,namesilo,,,23/09/2026 13:03
7bfc14df-b774-4c7e-8943-d192e07b788d,probability.ski,available,26.5,,high,low,11,unstoppable,,,28/09/2026 17:11
d5b26cf8-0532-4122-8eeb-41ac5120c82e,cantonal.ski,available,39.99,86.99,medium,low,8,name.com,,,11/08/2026 17:44
58967e16-10d8-4746-ab7e-b380f1b750b8,assembly.ski,available,27.99,64.99,high,low,8,namesilo,,,20/09/2026 16:09
d0eccc02-c995-4904-933e-988a75a2b024,eudaimonia.ski,available,27.99,64.99,high,low,10,namesilo,,,12/09/2026 23:00
1aedbf1b-6003-4829-bc90-36575593bc7e,doula.ski,available,76.98,82.98,high,low,5,namecheap,,,23/09/2026 21:09
432a0cbd-59f2-4959-a420-9f54d4607110,rewarded.ski,available,27.99,64.99,medium,low,8,namesilo,,,28/09/2026 23:21
f37601f9-86ec-42f1-83cf-8af1d9bc0d8f,alleviant.ski,available,27.99,64.99,medium,low,9,namesilo,,,04/09/2026 23:46
378585b1-f27f-4231-a4e0-5805d291d797,resounding.ski,available,27.99,64.99,high,low,10,namesilo,,,27/09/2026 12:35
de4fd6c1-a629-4f23-b574-47d0640422cc,dispatcher.ski,available,76.98,82.98,high,low,10,namecheap,,,24/09/2026 22:52
77ee9791-1918-4369-9933-10e29431c4c5,hearings.ski,available,20.9,51.95,medium,low,8,spaceship,,,29/09/2026 23:58
22d08d47-5fcb-4981-ac9c-902baca233a8,racy.ski,available,39.99,86.99,high,low,4,name.com,,,18/08/2026 18:00
6a76484c-bcc9-45c5-8e18-e6e69c07ac5b,loyola.ski,available,27.99,64.99,high,low,6,namesilo,,,25/09/2026 07:44
ccc50309-3f02-4738-95d6-c278691dc743,walls.ski,premium,135.2,135.2,high,low,5,namecheap,,,25/09/2026 16:16
9259f438-5150-4b52-8875-e6bfba74e790,lump.ski,available,20.9,51.95,medium,low,4,spaceship,,,29/09/2026 00:25
f8f879d6-3821-47a1-9b52-efb772106d40,minute.ski,available,27.99,64.99,high,low,6,namesilo,,,25/09/2026 09:28
d38b79c0-2004-4fe3-881c-260195fb0a22,colbert.ski,available,20.9,51.95,medium,low,7,spaceship,,,27/09/2026 12:41
7a01c74d-3c6f-4548-9d6d-f17de8d5350d,zheng.ski,premium,102.67,102.67,medium,low,5,spaceship,,,28/09/2026 11:37
68ec38ce-29c1-4eb0-92ba-66b09a3f83b5,orienting.ski,available,76.98,82.98,high,low,9,namecheap,,,04/09/2026 17:56
21f12c76-6df5-4aea-b084-2680f3e0dcd2,carnal.ski,available,39.99,86.99,high,low,6,name.com,,,
937d0348-5025-45ce-bd6c-cdb898fe2089,never.ski,available,50.2,50.2,high,low,5,cloudflare,,,28/09/2026 16:23
b43b7f45-a7f2-4202-8617-be8e25d2a5a2,melodious.ski,available,39.99,86.99,high,low,9,name.com,,,24/08/2026 19:38
e75fd655-5c9c-4f0d-9a9c-fa24e1257b70,bandsaw.ski,available,27.99,64.99,high,low,7,namesilo,,,22/09/2026 00:49
92a22d01-fdee-4133-84d5-d3b4045d1f99,episodes.ski,available,27.99,64.99,medium,low,8,namesilo,,,29/09/2026 11:24
41a20f29-57cd-4da8-b04d-f961bf4c881b,premise.ski,available,27.99,64.99,high,low,7,namesilo,,,20/09/2026 16:37
36f18bc1-ddf8-42d4-8e60-e72600e20610,wiggler.ski,available,27.99,64.99,medium,low,7,namesilo,,,19/09/2026 06:38
34f7e7eb-9104-46af-8784-fdba7dd5e51e,savagery.ski,available,27.99,64.99,medium,low,8,namesilo,,,22/09/2026 04:29
c39a8dfd-858a-4a8b-8579-4e1f36728849,coyol.ski,available,27.99,64.99,medium,low,5,namesilo,,,17/09/2026 03:38
d1fcc72b-1500-44b2-a43f-59ce4e9602e0,shan.ski,available,20.9,51.95,high,low,4,spaceship,,,28/09/2026 15:19
26390c39-2b77-44a4-a7b8-befc5e155f33,olsen.ski,available,27.99,64.99,high,low,5,namesilo,,,25/09/2026 12:35
98670946-065b-4de7-8728-3f8ea99f3aae,offside.ski,available,27.99,64.99,medium,low,7,namesilo,,,04/09/2026 01:39
59ff8286-b4f1-4ffa-ad88-92d63960d96f,airs.ski,available,76.98,82.98,high,low,4,namecheap,,,17/09/2026 23:21
64fa9166-bf3a-4db4-a691-7fc372685c0c,illumine.ski,available,27.99,64.99,high,low,8,namesilo,,,08/09/2026 04:54
5767dfd6-106b-4937-9236-e0b5d399b6e8,damning.ski,available,39.99,86.99,medium,low,7,name.com,,,13/08/2026 16:33
d7f49e63-1cbb-4102-9128-b566f1c5f671,covalent.ski,available,39.99,86.99,high,low,8,name.com,,,13/08/2026 04:03
a050fe05-328b-47f9-b649-46d7022d51d5,chesty.ski,available,39.99,86.99,medium,low,6,name.com,,,06/08/2026 22:08
8b613dc6-bcbf-4633-9016-1b514408e93a,horny.ski,available,39.99,86.99,high,low,5,name.com,,,13/08/2026 01:41
04908d7c-f7ec-4089-a29e-e50f79769bae,archdeacon.ski,available,27.99,64.99,medium,low,10,namesilo,,,20/09/2026 01:53
b70047a7-db25-439d-a05c-b2904aa89547,hughes.ski,available,27.99,64.99,high,low,6,namesilo,,,25/09/2026 04:10
5a304070-c513-462f-863a-ecf74d6f09ae,puncture.ski,available,50.2,50.2,high,low,8,cloudflare,,,29/09/2026 20:04
7dd001c7-ac7b-4353-8aa1-3e22747230b1,mystifying.ski,available,39.99,86.99,medium,low,10,name.com,,,13/08/2026 09:39
5ce54f40-bf6b-4cb2-aff5-3752c5a7f39f,lightless.ski,available,39.99,86.99,medium,low,9,name.com,,,23/08/2026 04:36
fe3640da-ed98-4b69-bf80-190917b13fac,backyard.ski,available,76.98,82.98,high,low,9,namecheap,,,21/09/2026 16:22
cdb7d401-dc0b-4f95-a0a6-7b46001096a9,edacious.ski,available,39.99,86.99,medium,low,8,name.com,,,15/08/2026 05:24
11c9fcff-2187-4082-ba33-7bf5466b005d,soapy.ski,available,39.99,86.99,medium,low,5,name.com,,,11/08/2026 11:48
1e4c9e50-eb7c-4a0f-9cba-b6613268c41b,quiescent.ski,available,76.98,82.98,medium,low,9,namecheap,,,09/09/2026 08:47
ce66431c-d887-4d35-bf78-6f057c95d3e1,stoic.ski,available,76.98,82.98,high,low,5,namecheap,,,10/09/2026 20:57
a6d23477-c687-49ae-86ec-3b37aaaab159,selected.ski,available,27.99,64.99,high,low,8,namesilo,,,27/09/2026 19:50
66072182-00cb-4501-b105-3360e6ef3cc2,airdrome.ski,available,76.98,82.98,high,low,8,namecheap,,,17/09/2026 12:57
5ead13b9-6703-4a93-b4b7-680e9aec01ff,mic.ski,available,50.2,50.2,high,low,3,cloudflare,,,30/09/2026 03:43
cfdb6227-2c84-4770-8ef0-4eac3069bdf5,hilar.ski,available,39.99,86.99,medium,low,5,name.com,,,21/08/2026 09:19
3d2f0cd9-caed-435d-9107-7968fcdc344b,failure.ski,available,27.99,64.99,high,low,7,namesilo,,,25/09/2026 22:41
e7b6abf0-1534-49a1-8b3f-f76128dc0864,stakes.ski,available,27.99,64.99,high,low,6,namesilo,,,23/09/2026 10:49
a38a0634-b769-41b1-b32e-e83914b01a3a,downtown.ski,premium,854,854,high,low,8,namesilo,,,24/09/2026 12:02
b94937f1-24c5-44a0-b9e7-84df893526f1,pathogenic.ski,available,39.99,86.99,medium,low,10,name.com,,,22/08/2026 04:17
687f7456-6079-4dbd-af29-49cd3d907ecb,arendt.ski,available,76.98,82.98,medium,low,6,namecheap,,,20/09/2026 03:43
6e63d188-f225-4990-99f3-6bb0ff314651,sleeps.ski,available,27.99,64.99,medium,low,6,namesilo,,,28/09/2026 13:22
4f3ef7e1-a47e-41c5-ba78-ef79eef6675c,diagonally.ski,available,27.99,64.99,medium,low,10,namesilo,,,14/09/2026 12:34
5a238f96-14ba-48d0-b83f-b3aeb41b3fc3,mangled.ski,available,39.99,86.99,medium,low,7,name.com,,,24/08/2026 14:53
93207df8-25b4-4fd9-a20f-30f7a61d324f,epiphyte.ski,available,76.98,82.98,medium,low,8,namecheap,,,17/09/2026 13:14
dc97de33-81d6-4840-ba73-ff3c850ed2df,flavourful.ski,available,39.99,86.99,medium,low,10,name.com,,,18/08/2026 07:06
b9c46e7d-7f3a-465c-b125-c6fb2fdeafa4,touchable.ski,available,27.99,64.99,high,low,9,namesilo,,,11/09/2026 07:57
d1bc9702-12a1-45fa-bb8c-814692e95781,oaten.ski,available,27.99,64.99,medium,low,5,namesilo,,,03/09/2026 23:28
92e38c88-d7cb-4dce-84d2-9dde5e30e860,astrolabe.ski,available,27.99,64.99,high,low,9,namesilo,,,20/09/2026 17:43
ddcf2c65-bb43-4c8b-a19e-4c5fa68ecc02,pigweed.ski,available,27.99,64.99,medium,low,7,namesilo,,,18/09/2026 15:54
31f93292-1c93-43e7-8740-c2559976fb7b,oblate.ski,available,27.99,64.99,medium,low,6,namesilo,,,03/09/2026 23:35
413f6814-fb09-45b4-8e5f-108844b86ad4,livid.ski,available,39.99,86.99,medium,low,5,name.com,,,07/08/2026 02:24
68ee9fad-812c-4faf-bef7-4b3b839fdd6a,drawn.ski,available,76.98,82.98,high,low,5,namecheap,,,23/09/2026 12:57
75f7eec9-5b7e-46e2-a596-2c98ae0d5b91,wished.ski,available,76.98,82.98,medium,low,6,namecheap,,,17/09/2026 18:39
ab0cb029-376e-424b-a4f8-ef620e7c0945,sweating.ski,available,20.9,51.95,medium,low,8,spaceship,,,28/09/2026 13:54
9d9ca1a6-03c3-4b9a-930f-1a0bdfce8376,bore.ski,available,27.99,64.99,high,low,4,namesilo,,,24/09/2026 12:50
c4850066-c0c7-456a-ac18-1d2df2b48376,blackcap.ski,available,27.99,64.99,medium,low,8,namesilo,,,23/09/2026 23:42
7f25d312-b31f-430d-a5c3-795cbb833333,accommodate.ski,premium,123.75,,high,low,11,name.com,,,
b9baa3f8-12cc-4ede-8721-68a6c41f77ae,rush.ski,available,76.98,82.98,high,low,4,namecheap,,,24/09/2026 18:44
c486f081-8a15-4c33-a304-37025a008e92,associates.ski,available,27.99,64.99,medium,low,10,namesilo,,,28/09/2026 08:50
e14d6f35-94d6-4734-b34f-7411594d661d,deity.ski,available,76.98,82.98,high,low,5,namecheap,,,24/09/2026 21:23
860e1abf-9f6a-4a3b-8897-c607ada98a96,sublunar.ski,available,39.99,86.99,medium,low,8,name.com,,,12/08/2026 08:27
33e88378-d8de-4ba8-aab7-716fe3ff9eb4,bauble.ski,available,27.99,64.99,high,low,6,namesilo,,,22/09/2026 16:31
fbe38c63-1d0d-4f90-9955-35c189f826d0,civil.ski,available,76.98,82.98,high,low,5,namecheap,,,27/09/2026 06:53
ab053022-dbcf-406a-b196-2f4e5b3c2fee,system.ski,premium,102.67,102.67,high,medium,6,spaceship,,,28/09/2026 04:06
46b415e4-a207-4276-95fe-f1b26f4e0d2b,entrancing.ski,available,39.99,86.99,medium,low,10,name.com,,,09/08/2026 18:23
11f60cec-802d-41d2-a087-687efbf07f3f,forfeit.ski,available,39.99,86.99,high,low,7,name.com,,,12/08/2026 21:00
3f7c07f0-89a5-43d2-9e85-4de574a3d81a,sophistication.ski,available,39.99,,high,low,14,name.com,,,
0fcf2d81-14ad-4297-a947-aca8d526b734,sunlit.ski,available,27.99,64.99,high,low,6,namesilo,,,11/09/2026 01:59
8337942e-f437-412f-950a-a379cf8b225d,agog.ski,available,39.99,86.99,high,low,4,name.com,,,
fb250530-845d-4677-9b54-5ff680d4fea7,crichton.ski,available,76.98,82.98,medium,low,8,namecheap,,,30/09/2026 01:11
20bd2f0a-7f1c-4880-a494-5553f50d75c9,heterodox.ski,available,39.99,86.99,medium,low,9,name.com,,,14/08/2026 12:37
4d7ba22b-4d5f-4536-b588-b6300786396c,disagreed.ski,available,27.99,64.99,low,low,9,namesilo,,,29/09/2026 16:32
345f6ad9-cf13-406d-b513-ed4f94b44e0f,prelate.ski,available,27.99,64.99,medium,low,7,namesilo,,,20/09/2026 02:36
e7fa7168-1cbc-4c8c-a2a0-b8e7bf07579d,pounding.ski,available,27.99,64.99,high,low,8,namesilo,,,11/09/2026 14:51
76a4b66e-e4ce-4deb-86fa-f59ab91c19e3,freight.ski,available,27.99,64.99,high,low,7,namesilo,,,28/09/2026 06:23
8a10742f-559f-4416-b753-aa2f11457c27,intangible.ski,available,39.99,86.99,high,low,10,name.com,,,21/08/2026 21:42
b25f1db0-faf1-4d50-a805-22a8adb3b65d,unsung.ski,available,76.98,82.98,medium,low,6,namecheap,,,12/09/2026 20:49
0d25ef3f-4b20-4d4d-bca2-6521497c75ea,lager.ski,premium,118.8,118.8,high,low,5,namesilo,,,30/09/2026 01:47
9d50f12a-8c6c-4604-a986-43c3a9e22d07,array.ski,available,76.98,82.98,high,low,5,namecheap,,,20/09/2026 08:50
eed334a2-005c-4e58-9050-c4ac8abcbd3c,britten.ski,available,76.98,82.98,medium,low,7,namecheap,,,23/09/2026 08:15
6cafdd43-4d8f-430c-86b9-8a9181fe1ed1,segregated.ski,available,27.99,64.99,medium,low,10,namesilo,,,10/09/2026 01:51
d28a0f16-60a9-4d0d-9321-b173a9bc69e5,cardiac.ski,available,39.99,86.99,high,low,7,name.com,,,11/08/2026 18:53
e43a550f-2bdf-4d4c-9dc6-79f2b5e81596,beaten.ski,available,39.99,86.99,medium,low,6,name.com,,,09/08/2026 05:47
1eece0c3-ea3f-4b9b-b09c-7cb9d7489493,macro.ski,available,27.99,64.99,high,low,5,namesilo,,,25/09/2026 15:59
d91c796a-f7fd-4af3-80b5-7dec5f28a519,disposal.ski,available,27.99,64.99,high,low,8,namesilo,,,17/09/2026 08:43
70fab724-77c7-4738-b156-285890f4000f,payment.ski,available,21.62,53.72,high,medium,7,dynadot,,,28/09/2026 08:59
7db3614b-9154-4efa-bc29-b38d86e4e068,richness.ski,available,27.99,64.99,high,low,8,namesilo,,,17/09/2026 14:41
b7372204-7d0d-4754-a192-cae83d5bae08,knob.ski,available,26.5,,high,low,4,unstoppable,,,28/09/2026 19:39
66442670-1656-441d-879d-6914af00e214,lund.ski,available,76.98,82.98,high,low,4,namecheap,,,25/09/2026 09:11
b1c2b7d7-b688-46e7-86ec-d60f6ac5f0f9,smuggled.ski,available,76.98,82.98,medium,low,8,namecheap,,,22/09/2026 21:31
81b0de55-bc9c-4c2c-b042-a385a878c08f,deepen.ski,available,27.99,64.99,high,low,6,namesilo,,,27/09/2026 06:53
dfeb2578-6b7f-4a3a-8cf1-22b80947533d,vaughan.ski,available,76.98,82.98,high,low,7,namecheap,,,25/09/2026 10:35
cf4e673b-cb9e-4d01-92e3-1dd28c1fe41b,pulpit.ski,available,76.98,82.98,high,low,6,namecheap,,,18/09/2026 17:14
9fc7c801-73e7-48a9-a5f2-c83654628c46,cuspid.ski,available,39.99,86.99,medium,low,6,name.com,,,11/08/2026 17:03
83c405fc-8f44-4466-9796-ab0063199bba,misfortune.ski,available,27.99,64.99,medium,low,10,namesilo,,,21/09/2026 16:43
fb2bf514-646f-4507-9b78-32cd95393b8a,corner.ski,available,27.99,64.99,high,low,6,namesilo,,,29/09/2026 11:37
721a7233-d7b6-4254-a038-4076b6fd5637,breakthrough.ski,available,20.9,51.95,high,low,12,spaceship,,,28/09/2026 07:10
de29e944-9df3-4e7f-95b1-05510e27224d,heightened.ski,available,50.2,50.2,high,low,10,cloudflare,,,29/09/2026 21:14
668b2c52-ba95-4817-aae5-dbfdb52ef648,poles.ski,premium,118.8,118.8,medium,low,5,namesilo,,,29/09/2026 10:31
0cba411b-1c6c-4fb6-8ccc-8b8646bee3e9,subtropical.ski,available,26.5,,high,low,11,unstoppable,,,28/09/2026 11:31
0fee292f-85c9-4f6c-b0ae-c66cb76c644c,spiritless.ski,available,27.99,64.99,medium,low,10,namesilo,,,10/09/2026 15:54
eeb89eef-672e-4f02-92ee-2bc93e81c43d,drycleaning.ski,available,27.99,64.99,high,low,11,namesilo,,,21/09/2026 04:39
f4528e13-bd38-433d-9eee-ca497dc76341,newsgroup.ski,available,39.99,,medium,low,9,name.com,,,
bddfd6e6-51e3-4ab4-a934-aa2383884eb2,astreus.ski,available,27.99,64.99,medium,low,7,namesilo,,,20/09/2026 17:34
96e39e92-e225-4dca-8ad0-f4ba2a8aa9e6,mixing.ski,available,21.62,53.72,high,low,6,dynadot,,,29/09/2026 10:24
0b58589f-b709-495b-9fe7-a9f3fb353e34,wholemeal.ski,available,27.99,64.99,medium,low,9,namesilo,,,13/09/2026 11:17
a7fe6684-1e19-4e94-a3cb-d3df94f292d9,rhombic.ski,available,27.99,64.99,medium,low,7,namesilo,,,09/09/2026 16:43
f7ffb44a-3683-4457-b548-e59aefaaddb2,trains.ski,available,50.2,50.2,high,low,6,cloudflare,,,27/09/2026 22:59
94016666-0662-4593-97c2-adb86aa66aec,attestor.ski,available,27.99,64.99,medium,low,8,namesilo,,,21/09/2026 01:38
61747d8a-c4f5-4cc5-96b2-c42414184a59,unscalable.ski,available,27.99,64.99,medium,low,10,namesilo,,,12/09/2026 05:23
88f30871-ba44-4ad2-967a-786c1b7c66ff,kissing.ski,available,27.99,64.99,high,low,7,namesilo,,,24/09/2026 12:56
ba3a9c4f-5dc1-4ab0-88e2-b0587a89aaa7,fights.ski,available,27.99,64.99,medium,low,6,namesilo,,,20/09/2026 00:14
1e3ebc82-f741-4a99-9afa-7c51ea7d0525,oreo.ski,available,39.99,,high,low,4,name.com,,,
3c4526db-8a2f-421c-a080-74cb39feae69,retired.ski,available,20.9,51.95,high,low,7,spaceship,,,27/09/2026 13:17
4f286944-de67-4dfb-bb8d-e4c988bc2b2e,rile.ski,available,27.99,64.99,medium,low,4,namesilo,,,29/09/2026 14:40
e4b0d511-c64d-49bb-9a43-17ebf3da28c1,takahashi.ski,available,21.11,52.01,medium,low,9,porkbun,,,28/09/2026 16:36
b76201b2-071b-4976-a5c3-f75a4cec05eb,reverently.ski,available,27.99,64.99,medium,low,10,namesilo,,,15/09/2026 23:35
c26ad450-1d40-465f-9184-58e9c8ec6be0,taipei.ski,available,20.9,51.95,high,low,6,spaceship,,,29/09/2026 07:03
e9f8e580-0346-4813-8683-0620e87e5f92,vermont.ski,resell,,,high,low,7,,,,28/09/2026 09:57
c95b5d9a-0f3a-4ca4-82ba-c8e0468fda1b,expired.ski,available,39.99,86.99,medium,low,7,name.com,,,17/08/2026 18:21
975b76ec-8148-4b84-8935-af4cc1498f95,graphite.ski,available,27.99,64.99,high,low,8,namesilo,,,24/09/2026 01:02
f966fd12-24c0-47ea-a7bf-c7b31ae0698b,applications.ski,premium,108.9,108.9,medium,low,12,dynadot,,,28/09/2026 23:10
053dc0c3-d937-46b2-8d84-90cb0174ee08,prone.ski,available,27.99,64.99,medium,low,5,namesilo,,,27/09/2026 07:37
b01e7af3-0857-450a-8359-e2b10b5e6d2b,reform.ski,available,27.99,64.99,high,low,6,namesilo,,,28/09/2026 15:13
ecc0345a-2ee7-47c2-bb1b-d72a1481af65,downriver.ski,available,39.99,86.99,medium,low,9,name.com,,,14/08/2026 18:01
b9b2eca3-59bd-42ca-b28e-2a544a04ff61,cordate.ski,available,39.99,86.99,high,low,7,name.com,,,13/08/2026 00:50
90e08249-9201-4f7d-989d-622c081ce12e,european.ski,premium,4140,4140,high,low,8,namesilo,,,24/09/2026 15:26
8b14ed68-8cbb-4898-852c-6b20699d7a6f,chiefly.ski,available,27.99,64.99,high,low,7,namesilo,,,25/09/2026 05:59
be471696-603e-406f-9797-08c1cc85edc5,ovarian.ski,available,39.99,86.99,medium,low,7,name.com,,,04/09/2026 19:55
b1a1641c-b8c7-4d78-8c13-3c5e2ccc0262,stupe.ski,available,27.99,64.99,medium,low,5,namesilo,,,10/09/2026 23:06
aa46647c-0f47-4947-a98d-96d722446b9f,hurry.ski,available,21.62,53.72,high,low,5,dynadot,,,27/09/2026 17:14
76c8e1ce-c6fd-4889-8e48-2a6afddd9437,lxiii.ski,available,39.99,86.99,medium,low,5,name.com,,,
00568dc0-dd34-4550-8a37-ae16adc9018c,lower.ski,available,21.62,53.72,high,low,5,dynadot,,,29/09/2026 20:00
02d73637-4ab7-404a-a853-df6ad78b4f20,zippo.ski,available,27.99,64.99,high,low,5,namesilo,,,03/09/2026 22:45
bc488e27-3794-4f06-b208-064400bc5132,favourite.ski,available,27.99,64.99,high,low,9,namesilo,,,27/09/2026 06:53
320bc64f-4577-4cdf-9f1b-7d07c488a2af,navarro.ski,available,27.99,64.99,medium,low,7,namesilo,,,28/09/2026 08:00
9b09f8fb-0e53-48af-9914-e8af90592b5a,daddy.ski,available,76.98,82.98,high,low,5,namecheap,,,27/09/2026 04:35
b6496f87-58d0-4b51-a103-008482f9b51a,chive.ski,available,27.99,64.99,high,low,5,namesilo,,,18/09/2026 11:28
08c01d21-bead-4b69-bfba-f34898e05dfa,this.ski,available,39.99,,high,medium,4,name.com,,,
a0475cf9-fd9b-4080-a2f4-506f7bf29c99,periodic.ski,available,27.99,64.99,high,low,8,namesilo,,,08/09/2026 17:11
9f98d0ee-0d5a-4677-9abc-170f28a95ec8,lantern.ski,available,20.9,51.95,high,low,7,spaceship,,,28/09/2026 14:40
791c0fe4-cf0a-4c7f-a533-c1d6dd826fa1,assistant.ski,available,50.2,50.2,high,low,9,cloudflare,,,29/09/2026 09:56
e336d8bc-e216-4bc3-b73d-9c961d95eaef,quadruple.ski,available,39.99,86.99,high,low,9,name.com,,,18/08/2026 13:24
60758d0c-a38d-4cd5-92fb-50a3a2377cbf,axile.ski,available,39.99,86.99,medium,low,5,name.com,,,08/08/2026 01:56
61a2867b-bbe5-4d04-82a8-86b903f0fbb6,gaza.ski,available,27.99,64.99,high,low,4,namesilo,,,25/09/2026 06:23
8f3d3f27-b319-4132-bb4b-7dc4ec9dcf09,laurent.ski,available,27.99,64.99,medium,low,7,namesilo,,,27/09/2026 09:55
054a03f3-8916-4a69-971e-cc31a91eb2f5,brutish.ski,available,39.99,86.99,low,low,7,name.com,,,09/08/2026 17:59
5326d35c-6382-4b23-8e6d-c0dd75ecaca0,knowing.ski,available,27.99,64.99,high,low,7,namesilo,,,25/09/2026 10:04
2c4aedde-a7c5-4420-be7d-25722299cf24,ionic.ski,available,27.99,64.99,high,low,5,namesilo,,,27/09/2026 06:53
a75266f8-756e-4a2b-8803-ff869437fc18,ananias.ski,available,27.99,64.99,medium,low,7,namesilo,,,19/09/2026 02:03
51abf859-5139-4e27-8cd4-80f9cc53ad4e,reader.ski,available,27.99,64.99,high,low,6,namesilo,,,30/09/2026 02:38
31e3ed9c-fcc8-40dc-88a9-c3784f639f1c,response.ski,available,26.5,,high,low,8,unstoppable,,,28/09/2026 21:33
7dd83f83-759f-4887-83a0-f46dc3e776ed,plumping.ski,available,27.99,64.99,medium,low,8,namesilo,,,08/09/2026 21:52
808efafa-fafa-410f-9df6-62800aed6100,vend.ski,available,26.5,,high,low,4,unstoppable,,,30/09/2026 02:34
7b751e3b-0b64-4982-bc25-0e47872f0cfd,chorus.ski,available,27.99,64.99,high,low,6,namesilo,,,29/09/2026 08:55
9881af3b-f3b2-4418-9480-8943289dddcc,expertly.ski,available,27.99,64.99,high,low,8,namesilo,,,14/09/2026 17:05
1f0b10f0-4d79-43d1-8b8b-3c279bfec999,devise.ski,available,50.2,50.2,high,low,6,cloudflare,,,29/09/2026 14:42
d1265f76-a338-4ac6-8904-dcb55544b16c,napoleon.ski,available,27.99,64.99,high,low,8,namesilo,,,28/09/2026 13:35
99c9c256-7a5e-4ccc-acce-ec13b35053a0,berra.ski,available,27.99,64.99,medium,low,5,namesilo,,,23/09/2026 10:04
b7db634f-d564-491a-83ab-4adcbadadf2c,hokum.ski,available,76.98,82.98,medium,low,5,namecheap,,,03/09/2026 20:34
8576bbb8-e09e-4029-86a4-77a228df79f1,smelling.ski,available,20.9,51.95,high,low,8,spaceship,,,27/09/2026 22:56
f5112c1d-84dc-4ccc-9b0c-7432983edbbe,esters.ski,available,76.98,82.98,low,low,6,namecheap,,,28/09/2026 13:25
9ea1901d-68cd-411e-8a4f-c6012aca1742,cruciform.ski,available,39.99,86.99,medium,low,9,name.com,,,13/08/2026 08:42
ae6cefce-dde1-4ac6-90c9-8d6a0763c1e6,philosophical.ski,available,20.9,51.95,high,low,13,spaceship,,,29/09/2026 08:37
1a84b726-8e6d-463b-b054-7d855011e4c6,aitken.ski,available,26.5,,medium,low,6,unstoppable,,,29/09/2026 10:35
2259e344-210f-43e8-a10e-a7e90a7b501c,ponds.ski,available,27.99,64.99,medium,low,5,namesilo,,,18/09/2026 22:37
7f94859f-fe01-4973-aa95-d77285fc565c,frostbite.ski,available,76.98,82.98,high,low,9,namecheap,,,24/09/2026 19:56
bb78c1f5-5c2c-462f-a60b-a3662d5e2385,anonym.ski,available,27.99,64.99,medium,low,6,namesilo,,,19/09/2026 11:37
a2b812d4-52c2-4b1f-97aa-c0c130ce01c2,rushed.ski,available,27.99,64.99,high,low,6,namesilo,,,27/09/2026 17:29
b82d023e-adea-42a3-b688-25f3fa5a06ba,stonewalls.ski,available,27.99,64.99,low,low,10,namesilo,,,20/09/2026 14:03
2b38050c-26ab-4751-9bb4-cff5ff1ac32d,daly.ski,available,27.99,64.99,high,low,4,namesilo,,,25/09/2026 13:04
75f920d5-a769-4bef-98c6-61f4840d8034,central.ski,available,27.99,64.99,high,low,7,namesilo,,,23/09/2026 12:46
cb02535a-0985-45e3-84de-18421e4418f3,insipid.ski,available,39.99,86.99,medium,low,7,name.com,,,10/08/2026 12:59
e076f382-ff6a-41fc-8067-9e2acc46142a,warrington.ski,available,76.98,82.98,medium,low,10,namecheap,,,28/09/2026 07:51
ff93fb36-4dbe-44c8-9760-d0374b3ff1f2,sap.ski,available,26.5,,high,low,3,unstoppable,,,29/09/2026 06:26
155b4d02-08d2-4969-8e92-7f1e9b6b1f78,convincing.ski,available,76.98,82.98,high,low,10,namecheap,,,23/09/2026 22:56
a968cb07-27ab-4e37-96b3-91a0108d7c45,maastricht.ski,available,27.99,64.99,medium,low,10,namesilo,,,29/09/2026 22:00
a06b6cc1-0bea-4464-b6fc-67bdaccd8ca4,horror.ski,available,76.98,82.98,high,low,6,namecheap,,,27/09/2026 14:08
0042022f-1a52-4ccb-8c02-6cf3752d4898,abscess.ski,available,27.99,64.99,medium,low,7,namesilo,,,16/09/2026 17:31
ac9b8869-cf05-4271-937e-f8ba102f231b,monkfish.ski,available,76.98,82.98,medium,low,8,namecheap,,,18/09/2026 11:42
ea6a365f-91fc-4c2f-b511-eb0d415539f2,unopposed.ski,available,27.99,64.99,medium,low,9,namesilo,,,12/09/2026 16:16
53b94144-3683-4c8f-bee1-cb0c5ef9c803,wizard.ski,available,76.98,82.98,high,medium,6,namecheap,,,21/09/2026 18:11
f9aaf9b4-aa5f-4d95-86be-2a745afb36b8,magnate.ski,available,27.99,64.99,high,low,7,namesilo,,,23/09/2026 14:16
3d14f3a6-f48c-4eed-8d46-313d39afd6bd,apologize.ski,available,39.99,,high,low,9,name.com,,,
bdf60145-a5fc-4196-a391-9f862e3d74f9,initiative.ski,available,27.99,64.99,high,low,10,namesilo,,,19/09/2026 04:32
c1cf2d6c-a929-4cdb-8649-c8961934b286,liao.ski,available,26.5,,medium,low,4,unstoppable,,,29/09/2026 01:35
d7b37f78-dd35-43c3-8dcc-cdbc9fda72e5,hiatus.ski,available,27.99,64.99,high,low,6,namesilo,,,16/09/2026 14:09
66cfd761-d921-4e26-8644-0aa51d9c8e00,abbey.ski,available,27.99,64.99,high,low,5,namesilo,,,16/09/2026 14:25
1b1fba64-d887-4bec-9001-010f59be2519,calm.ski,available,27.99,64.99,high,low,4,namesilo,,,23/09/2026 12:30
2262f978-0a5e-4236-9530-cd52b715e56a,edmunds.ski,available,27.99,64.99,medium,low,7,namesilo,,,28/09/2026 16:36
7ea3919e-a1de-43fa-a212-919f797b0d14,justine.ski,available,50.2,50.2,medium,low,7,cloudflare,,,29/09/2026 15:24
cb2cc4dc-22b9-454e-a8a2-ffcfeeaaafb4,critics.ski,available,50.2,50.2,low,low,7,cloudflare,,,28/09/2026 18:02
146d5aab-1dbd-4cf0-a983-0dbc75f0052b,doses.ski,available,20.9,51.95,medium,low,5,spaceship,,,29/09/2026 17:50
51c840aa-5129-4901-9c0f-7836657760a1,hearsay.ski,available,39.99,86.99,high,low,7,name.com,,,21/08/2026 02:04
66de6ca8-337f-4949-97cd-12b1234c1a7f,breath.ski,available,27.99,64.99,high,low,6,namesilo,,,24/09/2026 10:14
96186f72-58b3-4dd1-8ea2-cba839320dde,marvelous.ski,available,76.98,82.98,high,low,9,namecheap,,,25/09/2026 00:13
861c97a4-5396-44e6-b0cc-91a478ceb254,proposed.ski,available,27.99,64.99,medium,low,8,namesilo,,,28/09/2026 04:49
2d2d8012-8fdd-4cea-a83c-9975ae47759a,studying.ski,available,27.99,64.99,high,low,8,namesilo,,,25/09/2026 09:55
dd24e89c-37f6-4e9b-b94f-c12a4a2497db,giza.ski,available,20.9,51.95,high,low,4,spaceship,,,29/09/2026 17:47
e99fcdc4-edbb-49dd-91cf-0193b7190ee6,oils.ski,available,26.5,,medium,low,4,unstoppable,,,30/09/2026 00:28
defad293-abf3-4dc7-a95b-6cd18ddfcbeb,publicized.ski,available,76.98,82.98,high,low,10,namecheap,,,27/09/2026 08:05
582a1039-3fba-4d21-8bd2-b5426c7e078f,overheated.ski,available,76.98,82.98,medium,low,10,namecheap,,,04/09/2026 20:47
c4d84897-6d67-4936-970a-74629f419718,grassroots.ski,available,39.99,86.99,high,low,11,name.com,,,20/08/2026 18:16
58d30f9f-066a-43bf-b318-b81356469054,kennedy.ski,available,27.99,64.99,high,low,7,namesilo,,,25/09/2026 23:14
b29add12-5638-4fcb-a502-08f6a8c7ffd2,downstream.ski,available,27.99,64.99,high,low,10,namesilo,,,27/09/2026 06:53
9a9ea13a-4f0d-45ed-8bbc-0e2f4ba7924a,vassal.ski,available,39.99,86.99,medium,low,6,name.com,,,18/08/2026 03:02
898e4f11-1d3a-4e41-b9eb-f74637942a95,connects.ski,available,26.5,,high,low,8,unstoppable,,,29/09/2026 11:28
803765fd-d3b5-4318-b89c-2fd6556dc66f,begum.ski,available,27.99,64.99,medium,low,5,namesilo,,,23/09/2026 03:01
757910c7-2e2a-4535-9d4b-4718038b4035,educative.ski,available,39.99,86.99,high,low,9,name.com,,,15/08/2026 11:09
fe15cf68-1990-48bc-a252-580f791331e8,aventurine.ski,available,76.98,82.98,medium,low,10,namecheap,,,21/09/2026 09:07
6053b7be-3876-4222-bce3-8d87e7809d8d,belgrade.ski,available,27.99,64.99,high,low,8,namesilo,,,23/09/2026 05:11
10f6c299-042f-4da4-80eb-80b295c20773,taleteller.ski,available,27.99,64.99,medium,low,10,namesilo,,,11/09/2026 10:32
12e16f04-38b6-4895-b6f8-fc7d78b302cf,pekan.ski,available,27.99,64.99,medium,low,5,namesilo,,,24/09/2026 00:25
c06469e2-67cc-44b5-8749-8b8700d771ac,contraband.ski,available,76.98,82.98,high,low,10,namecheap,,,22/09/2026 21:25
1a0b97d2-fc22-4145-8147-558c03f3b6da,consultant.ski,available,50.2,50.2,high,low,10,cloudflare,,,28/09/2026 19:05
8ef2e3c4-0fde-4dc5-8e4b-54d0053f9a94,chicness.ski,available,39.99,86.99,medium,low,8,name.com,,,12/08/2026 04:44
87620b44-6e0e-45bb-a32c-fa6fb43ae7f1,suggestion.ski,available,76.98,82.98,high,low,10,namecheap,,,25/09/2026 07:41
94861800-6336-48ed-9639-91b70b701b11,natchez.ski,available,76.98,82.98,high,low,7,namecheap,,,28/09/2026 14:57
7d623954-ac54-456a-a7e9-b3b89d05578d,clogging.ski,available,39.99,86.99,medium,low,8,name.com,,,12/08/2026 11:41
fd803a54-e860-4591-bdd7-f4edfe043bed,baritone.ski,available,39.99,86.99,medium,low,8,name.com,,,08/08/2026 19:36
eef0bafd-533b-4cdf-85ac-24f40e545737,eolian.ski,available,39.99,86.99,medium,low,6,name.com,,,
cc903470-16b7-4fa2-a42b-8d8a0d3b9ea8,cypher.ski,available,39.99,86.99,high,medium,6,name.com,,,
2a4720ea-543f-47d8-a6e9-d8f6a1a6059b,infection.ski,available,27.99,64.99,medium,low,9,namesilo,,,27/09/2026 04:34
d32ee2a0-f525-477b-9a3f-9eb3a29351b3,bedframe.ski,available,27.99,64.99,high,low,9,namesilo,,,22/09/2026 23:17
f03becc3-5cdf-49bf-819d-f72dbc31b7f3,ring.ski,available,26.5,,high,low,4,unstoppable,,,28/09/2026 21:16
484d97ee-95f5-4085-81ff-50dd372ae786,overcomes.ski,available,27.99,64.99,medium,low,9,namesilo,,,21/09/2026 04:26
9ee27f3e-95ba-4fe6-aba3-18bba0212147,vermilion.ski,available,39.99,86.99,high,low,9,name.com,,,12/08/2026 05:45
201c4a90-6f50-42d2-8ae6-dd97dbe0466b,control.ski,available,20.9,51.95,high,low,7,spaceship,,,29/09/2026 08:38
a63c2f34-6b3f-439f-be16-a5bcd39bc698,understands.ski,available,21.62,53.72,high,low,11,dynadot,,,28/09/2026 00:05
16bd1c35-c0d9-4b58-840d-4df7a1d5a0a9,artemisia.ski,available,27.99,64.99,high,low,9,namesilo,,,20/09/2026 10:15
3ba280da-5cbd-4c88-849d-3f1d1b2747c0,prevent.ski,available,39.99,,high,low,7,name.com,,,
3ffb0f76-bf45-4e09-9149-eb99a1c2a573,acclaim.ski,available,27.99,64.99,high,low,7,namesilo,,,16/09/2026 22:32
e3ef90e4-6034-410b-9663-1206e24c964e,blabby.ski,available,39.99,86.99,low,low,6,name.com,,,09/08/2026 21:03
d045f5cc-378d-46bc-b1e6-b44a713c23f9,scanning.ski,available,20.9,51.95,high,low,8,spaceship,,,28/09/2026 15:18
10ef5ba9-d247-471e-9781-a066d0d971a7,our.ski,available,39.99,,high,medium,3,name.com,,,
3c8cbd13-bfd8-4f94-8ed0-0d9addb2a5b4,ductile.ski,available,39.99,86.99,medium,low,7,name.com,,,14/08/2026 20:50
c23a3cb3-77d4-4d5b-807d-d0faa6e252b2,woodbine.ski,available,76.98,82.98,medium,low,8,namecheap,,,18/09/2026 20:11
419dfbab-8b3d-47dc-968e-7df3384976a0,how.ski,premium,118.8,118.8,high,low,3,namesilo,,,
466956c9-aebf-4d83-8dcd-20720e04e1ca,saipan.ski,available,50.2,50.2,high,low,6,cloudflare,,,29/09/2026 08:00
b9be572b-561a-4b6f-8e25-c9c4c267a5e8,salaried.ski,available,39.99,86.99,high,low,8,name.com,,,12/08/2026 19:23
b425f234-a9ea-4e19-bad4-fef86ef4577b,ballup.ski,available,27.99,64.99,medium,low,6,namesilo,,,21/09/2026 23:27
5c826f32-fa13-44be-9f12-7e12a2dafc38,gangling.ski,available,39.99,86.99,medium,low,8,name.com,,,18/08/2026 20:08
1e32bc6d-3bb1-4d5d-adcc-75505ec95301,eparchial.ski,available,39.99,86.99,low,low,9,name.com,,,17/08/2026 10:12
7b8f75d0-28f2-48b3-ae9d-b277ca0358fc,samba.ski,available,27.99,64.99,high,low,5,namesilo,,,20/09/2026 04:00
e26fbaf8-f567-4c36-a4ca-3b2e96b89900,tethered.ski,available,27.99,64.99,medium,low,8,namesilo,,,11/09/2026 12:10
225a864a-2a0e-4599-9cb2-41d2e94cec42,journeyman.ski,available,26.5,,medium,low,10,unstoppable,,,28/09/2026 22:18
86b80871-f47b-4674-933c-f93695af5474,sensual.ski,available,27.99,64.99,high,low,7,namesilo,,,22/09/2026 04:34
e242a85b-4ca1-4330-b896-206d3b9a1685,passed.ski,available,39.99,,high,low,6,name.com,,,
afa20f51-e88c-497f-8a49-e6390750d820,radial.ski,available,27.99,64.99,high,low,6,namesilo,,,09/09/2026 09:30
be14bd07-6331-4260-8cc2-e29c923d75b4,fill.ski,available,21.62,53.72,high,low,4,dynadot,,,27/09/2026 11:50
180e3def-7c46-4771-bed2-d5e0df057ea1,unpainted.ski,available,27.99,64.99,medium,low,9,namesilo,,,12/09/2026 16:25
fe6ceeab-a089-44c3-af87-e07b92861ed9,bedroll.ski,available,76.98,82.98,high,low,7,namecheap,,,22/09/2026 23:33
79bea16d-cf91-4b26-ac1f-458c78276df3,ripened.ski,available,76.98,82.98,high,low,7,namecheap,,,09/09/2026 17:55
70a668e6-b8d8-4f05-b80c-2f55c12a7975,allegory.ski,available,27.99,64.99,high,low,8,namesilo,,,18/09/2026 10:41
7f67a7be-40f5-4e57-9d31-67820fdfd53c,divorcing.ski,available,76.98,82.98,low,low,9,namecheap,,,17/09/2026 22:37
62ebba34-4605-4fe8-8deb-e825d06beb63,clashing.ski,available,39.99,86.99,medium,low,8,name.com,,,12/08/2026 09:40
de1c962c-4ad7-4fbf-a557-3f563d9bffcb,keynesian.ski,available,39.99,86.99,medium,low,9,name.com,,,22/08/2026 15:46
c10beb05-9b6e-4b68-8381-2152f52bae2e,carlo.ski,available,21.62,53.72,medium,low,5,dynadot,,,28/09/2026 08:41
f1a0de51-2113-42f3-a3c9-33ba734cda61,basketball.ski,available,20.9,51.95,high,low,10,spaceship,,,29/09/2026 01:27
aa151094-7bc0-4629-877b-9aca3c2927cc,eighties.ski,available,27.99,64.99,high,low,8,namesilo,,,16/09/2026 12:00
0f2006b2-5942-41de-9b81-8b56f6ab741b,cursed.ski,available,39.99,86.99,high,low,6,name.com,,,13/08/2026 11:32
681bffa4-2a79-47b4-9481-4603a40ef4c1,provable.ski,available,27.99,64.99,high,low,8,namesilo,,,09/09/2026 04:24
6f3728eb-4c89-4522-bf1b-b7c2159ffa32,animistic.ski,available,39.99,86.99,medium,low,9,name.com,,,
c4042c1d-2726-463d-8066-d34630f00950,cosmonaut.ski,available,76.98,82.98,high,low,9,namecheap,,,20/09/2026 18:01
a42296a8-fcbd-4c95-91f5-f2a206ea9e0b,cinderella.ski,available,50.2,50.2,high,low,10,cloudflare,,,29/09/2026 09:13
48167884-a48c-4a0f-a682-8ed6cd4e509e,monkish.ski,available,39.99,86.99,medium,low,7,name.com,,,25/08/2026 04:53
7faf9b57-d624-40ea-a71a-c2577a1e4404,subclavian.ski,available,27.99,64.99,medium,low,10,namesilo,,,10/09/2026 23:40
0b85e695-33ca-4a9d-b846-f026eb291cee,horsepower.ski,available,26.5,,high,low,10,unstoppable,,,29/09/2026 19:06
9e6dffe5-2f25-45f6-a5bc-e393d90ba681,vivace.ski,available,27.99,64.99,high,low,6,namesilo,,,13/09/2026 06:22
60229d15-9ec8-424b-bf5f-a98fe9c7f08b,toned.ski,available,27.99,64.99,high,low,5,namesilo,,,11/09/2026 17:02
b4f74955-7912-4c22-b0a7-410e63058df7,edward.ski,available,76.98,82.98,high,low,6,namecheap,,,18/09/2026 02:39
b7e989d3-a8c0-43be-8165-e2902dfe2c0e,phone.ski,available,50.2,50.2,high,low,5,cloudflare,,,29/09/2026 17:28
a6e33630-5750-4a03-820a-07aa790033a1,rails.ski,available,27.99,64.99,high,low,5,namesilo,,,30/09/2026 02:39
2deb5024-e3aa-4731-9e7c-0ac0a4575d9c,biosensors.ski,available,27.99,64.99,medium,low,10,namesilo,,,21/09/2026 02:37
2e95c19d-b3f2-4836-bc86-2cde59a7ee3d,moderato.ski,available,39.99,86.99,medium,low,8,name.com,,,25/08/2026 02:58
74457cd4-30ce-44ee-8813-cf44aa59906b,cooke.ski,available,27.99,64.99,high,low,5,namesilo,,,18/09/2026 06:21
66e53631-e3f7-45c8-bfa2-c7071adae692,elliptic.ski,available,39.99,86.99,high,low,8,name.com,,,15/08/2026 17:59
f84e18f3-ca38-46d2-93c5-875b6049ebb4,arboreal.ski,available,39.99,86.99,high,low,8,name.com,,,06/08/2026 13:18
e6675d51-ddce-4015-bf80-d705cc5dd21e,acrobatic.ski,available,39.99,86.99,high,low,9,name.com,,,
67327cde-23df-4f7a-9060-d68eb584258f,captured.ski,available,76.98,82.98,medium,low,8,namecheap,,,27/09/2026 02:07
92720161-8103-4ed5-bdc9-986b49e8837d,dozens.ski,available,27.99,64.99,high,low,6,namesilo,,,14/09/2026 23:20
3abdc221-189c-43d8-9adb-517da4efb60f,turbinate.ski,available,39.99,86.99,medium,low,9,name.com,,,12/08/2026 16:20
f8d4c8da-e099-429c-a94f-da49731bff48,billfold.ski,available,27.99,64.99,high,low,8,namesilo,,,23/09/2026 16:16
5d9a6226-54d5-42c0-8392-3442bdf8fd21,paramedic.ski,available,27.99,64.99,high,low,9,namesilo,,,08/09/2026 00:59
8007091f-1e64-4a2f-87fe-08c023cdeef3,cockamamy.ski,available,39.99,86.99,low,low,9,name.com,,,12/08/2026 14:49
a6531155-bd2c-4c98-8f13-205501f96b78,tomboy.ski,available,39.99,,high,low,7,name.com,,,
1c57fab2-e177-4fdd-ae74-8b7f274630b3,diluvian.ski,available,39.99,86.99,medium,low,8,name.com,,,14/08/2026 07:51
f382832b-7c5a-4870-b434-37f6f9722152,heavily.ski,available,39.99,86.99,medium,low,7,name.com,,,21/08/2026 05:28
152b5236-98f4-43ef-8849-d3cc1a1ef1c8,eliminate.ski,available,39.99,,high,low,9,name.com,,,
4622030c-1fbe-40c8-937e-b8b8eb2065d4,guarantee.ski,available,26.5,,high,low,9,unstoppable,,,29/09/2026 21:38
5d3e420e-564a-48a3-8668-ef5e21e895e3,avarice.ski,available,76.98,82.98,medium,low,7,namecheap,,,21/09/2026 08:42
9381fb09-4fdb-4957-a860-df3c2c47ce7a,salient.ski,available,27.99,64.99,high,low,7,namesilo,,,09/09/2026 03:09
42cbf417-881a-40d6-89b1-6de9c24c8dc3,grisly.ski,available,39.99,86.99,medium,low,6,name.com,,,18/08/2026 23:15
76ae6aa1-c522-4473-8fdc-e6d4108f55c6,fumbling.ski,available,39.99,86.99,medium,low,8,name.com,,,11/08/2026 10:05
84af97d0-c810-4042-b281-7a90534a23bd,bengali.ski,available,39.99,86.99,medium,low,7,name.com,,,09/08/2026 14:29
56b87189-b91e-45ff-86e4-eefe02a83b42,minnie.ski,available,27.99,64.99,high,low,6,namesilo,,,29/09/2026 09:12
866f1fce-1f95-4517-bbb0-f7e095e84e9b,thence.ski,available,27.99,64.99,medium,low,6,namesilo,,,15/09/2026 00:13
bed5ecc6-a86f-463a-88be-a3c437ea940d,pot.ski,available,76.98,82.98,high,low,3,namecheap,,,25/09/2026 20:52
30690ac2-89e0-4213-9045-0e96ada3cd48,changeless.ski,available,39.99,86.99,medium,low,10,name.com,,,12/08/2026 01:58
758baab2-612d-4bc1-af03-0e3557e4f436,drily.ski,available,27.99,64.99,medium,low,5,namesilo,,,14/09/2026 14:23
6c1b78c4-5908-4418-b45e-10d0c11d734e,angara.ski,available,27.99,64.99,medium,low,6,namesilo,,,19/09/2026 05:44
892e4bbe-5fdc-4da1-8a72-16b8046d4888,jessie.ski,available,27.99,64.99,high,low,6,namesilo,,,25/09/2026 11:53
c83fdb51-024f-4846-add6-d933678d52d6,bbs.ski,available,76.98,82.98,high,low,3,namecheap,,,22/09/2026 18:34
27f36514-6b73-411a-aa9c-a2411fdb61f1,financially.ski,available,20.9,51.95,medium,low,11,spaceship,,,28/09/2026 12:33
86042773-1737-495d-b89f-521525cab585,longing.ski,available,26.5,,medium,low,7,unstoppable,,,28/09/2026 19:43
f859f332-e794-4ff7-9610-bb85517a68cb,nebulose.ski,available,39.99,86.99,medium,low,8,name.com,,,12/08/2026 12:43
5425aca9-433f-4886-b2e2-dd71e0d36706,hawks.ski,available,20.9,51.95,medium,low,5,spaceship,,,28/09/2026 22:17
406a2888-7ef1-4ee2-863c-d51aea1db9ca,dependance.ski,available,27.99,64.99,medium,low,10,namesilo,,,17/09/2026 06:55
d632f33c-0e05-4358-913a-681e2973fccb,fervent.ski,available,39.99,86.99,high,low,7,name.com,,,06/08/2026 16:14
96fa3ea1-fadb-40c6-837a-ce28d653c016,uptown.ski,available,27.99,64.99,high,low,6,namesilo,,,12/09/2026 23:28
977df8bf-e53a-4628-893d-1af9c0a0fdc1,homesick.ski,available,39.99,86.99,high,low,8,name.com,,,21/08/2026 11:13
cdeff564-a257-4516-9d85-c3207eb1d764,murillo.ski,available,27.99,64.99,high,low,7,namesilo,,,22/09/2026 09:24
0752afbc-58f3-4a83-9fd1-1f07bee1b848,narrowly.ski,available,27.99,64.99,medium,low,8,namesilo,,,15/09/2026 16:08
b6677f44-ca00-486e-9d63-a4d5cdb25de6,yerevan.ski,available,27.99,64.99,high,low,7,namesilo,,,29/09/2026 11:51
ba62a732-d773-4db4-992e-e4bf6d404dc8,gymnastic.ski,available,39.99,86.99,high,low,9,name.com,,,
0e2bdda9-a594-4501-97fc-1f41e33089a1,pun.ski,available,26.5,,high,low,3,unstoppable,,,30/09/2026 02:27
e01c25d6-86e2-486b-8d12-1dc94e3b2923,hernandez.ski,available,27.99,64.99,high,low,9,namesilo,,,25/09/2026 16:13
d3f00f54-cf88-4b7c-b2bf-a31c3eb0c9c7,emil.ski,available,27.99,64.99,high,low,4,namesilo,,,25/09/2026 15:33
2f1036c9-537f-4bf6-a1ec-75cfd9682d6b,overnight.ski,available,76.98,82.98,high,low,9,namecheap,,,22/09/2026 00:44
b61d815e-fee6-416e-9d6e-861569f2fbfc,summers.ski,available,21.11,52.01,high,low,7,porkbun,,,29/09/2026 05:53
54abd9a6-e302-4793-b8d3-411a6b0d1019,exceptional.ski,available,27.99,64.99,high,low,11,namesilo,,,28/09/2026 11:15
c7392895-ffae-454b-9612-8a04bcd8ca9d,bangs.ski,available,27.99,64.99,medium,low,5,namesilo,,,16/09/2026 16:40
b85f39e2-5b12-40fe-81e7-f0644e96b17c,summons.ski,available,26.5,,high,low,7,unstoppable,,,29/09/2026 08:10
567dc14f-9f6e-4c08-afaf-c61ae74e6fb9,archly.ski,available,27.99,64.99,medium,low,6,namesilo,,,13/09/2026 20:39
7e638fd0-482e-464c-bacb-7ab656f803c4,including.ski,available,39.99,,medium,low,9,name.com,,,
ef75d21a-a37d-4e69-a928-48a12e70c672,fashion.ski,available,50.2,50.2,high,medium,7,cloudflare,,,28/09/2026 16:44
2dcf19d1-b20a-4e0a-b8a3-4e7fc936cc3b,fate.ski,available,50.2,50.2,high,low,4,cloudflare,,,29/09/2026 09:19
4f9d41ec-59c7-4064-9682-10a28b9728dc,toys.ski,premium,118.8,118.8,high,low,4,namesilo,,,20/09/2026 06:04
9339e4aa-7aa3-4d5f-9ae1-35733907a54c,stative.ski,available,76.98,82.98,medium,low,7,namecheap,,,10/09/2026 19:14
b39af43b-3efe-40fd-b1e2-98ff3e4e5e67,rethink.ski,available,27.99,64.99,high,low,7,namesilo,,,17/09/2026 15:53
1ee92467-bcf5-4b42-b7c4-96c1fb5b70d7,alcoholic.ski,available,39.99,86.99,high,low,9,name.com,,,
7a51aa08-777d-4e0b-9be4-c3e6376e944f,syndrome.ski,available,39.99,,medium,low,8,name.com,,,
e94814bd-b866-4b90-a59e-6a4ede231f6e,leagues.ski,available,50.2,50.2,medium,low,7,cloudflare,,,29/09/2026 11:01
f69524c8-ee37-40d7-b7f1-72bf67036d78,blasting.ski,available,39.99,86.99,high,low,8,name.com,,,10/08/2026 13:10
35e9e525-b8b1-4bbd-8952-68b4c0ea35ba,muscle.ski,available,27.99,64.99,high,low,6,namesilo,,,24/09/2026 08:22
3363e0e2-67e7-4c32-bcdf-bf8d0b0ed8b5,pariah.ski,available,76.98,82.98,medium,low,6,namecheap,,,04/09/2026 19:07
3b28f2f6-7c52-4b74-bf37-87b5156e53d4,touching.ski,available,39.99,86.99,high,low,8,name.com,,,
19e2f99a-a3e6-4291-b5d8-46c05f399783,naseby.ski,available,76.98,82.98,medium,low,6,namecheap,,,22/09/2026 15:31
12ceaf3a-6586-4251-88d5-1de37ff93dae,deployment.ski,available,20.9,51.95,high,low,10,spaceship,,,29/09/2026 18:37
6b655871-48c9-40d8-bcff-7b732f80ad1b,temper.ski,available,76.98,82.98,high,low,6,namecheap,,,27/09/2026 04:28
781e2c8c-3c20-4ab1-8041-13296d43719f,rarefied.ski,available,39.99,86.99,medium,low,8,name.com,,,17/08/2026 15:44
aefdb50a-72d2-4264-9345-2e8738a1371b,jin.ski,available,20.9,51.95,high,low,3,spaceship,,,28/09/2026 07:26
7e65b66c-ccfd-4252-a07d-f57c00d2f659,zombi.ski,available,27.99,64.99,medium,low,5,namesilo,,,21/09/2026 07:04
6304958e-2268-4f0a-a672-aa45964315b9,nail.ski,available,27.99,64.99,high,low,4,namesilo,,,21/09/2026 16:04
11df697e-ece6-47e8-a37b-56c1c65ce214,unbooked.ski,available,27.99,64.99,medium,low,8,namesilo,,,12/09/2026 02:19
85030fa4-825f-4ebe-8ec9-885a613ef20d,preferred.ski,available,76.98,82.98,high,low,9,namecheap,,,27/09/2026 06:53
012f4cc3-dc7b-4db6-9995-5cb338928bf9,orwellian.ski,available,76.98,82.98,medium,low,9,namecheap,,,04/09/2026 18:08
ba553378-7fd5-4c0f-8ed6-d29f69055f35,carribean.ski,available,39.99,,high,low,9,name.com,,,
78de258b-c2ee-4658-9762-7e162a65ef7b,stewardess.ski,available,27.99,64.99,high,low,10,namesilo,,,17/09/2026 22:26
03322a8a-405d-4c6d-a43f-9543ace64973,ties.ski,available,27.99,64.99,medium,low,4,namesilo,,,17/09/2026 21:46
5c9d4b80-b18a-4ccf-bced-c076a8c40b1c,historical.ski,available,27.99,64.99,high,low,10,namesilo,,,24/09/2026 10:25
8df8bb6e-5a68-4886-90d9-7855835eae56,tangibly.ski,available,27.99,64.99,medium,low,8,namesilo,,,16/09/2026 07:54
b25e328e-cf3a-4412-a12b-17e41235f425,hazy.ski,available,39.99,86.99,high,low,4,name.com,,,10/08/2026 16:22
60cc3f7f-31c0-4a21-aded-fb4babea293c,onomastic.ski,available,27.99,64.99,medium,low,9,namesilo,,,04/09/2026 15:15
8c6c2048-3596-45d0-b798-564ebd4d02ac,meaningless.ski,available,50.2,50.2,medium,low,11,cloudflare,,,28/09/2026 15:49
d64039aa-1e7d-445d-87c1-881b708bfec8,steadied.ski,available,76.98,82.98,medium,low,8,namecheap,,,10/09/2026 19:30
6bea1047-9e8a-4fb8-972e-c95e023d2d23,mildred.ski,available,20.9,51.95,medium,low,7,spaceship,,,28/09/2026 12:04
e1e4b454-ba43-4449-9f1b-407cfb50ed49,atrophic.ski,available,39.99,86.99,medium,low,8,name.com,,,07/08/2026 14:52
4ca1fe0e-821d-4a6a-8873-e439b40da142,trends.ski,available,76.98,82.98,high,low,6,namecheap,,,17/09/2026 19:12
5dc0b0a3-29f6-4ae6-b09e-b90608a06610,blackhead.ski,available,27.99,64.99,medium,low,9,namesilo,,,24/09/2026 02:47
44399f8b-ffbd-46fa-9811-f4932b321a9c,penthouse.ski,available,27.99,64.99,high,low,9,namesilo,,,29/09/2026 07:51
0fe97e05-93da-45c5-aa6e-4c53e1a68281,domination.ski,available,27.99,64.99,high,low,10,namesilo,,,24/09/2026 23:26
23446c6a-1502-41ad-8725-6f1abc94eaa4,stud.ski,available,27.99,64.99,high,low,4,namesilo,,,24/09/2026 23:35
4e623a11-1e0b-4e32-ad39-499cd4c74685,detergent.ski,available,27.99,64.99,high,low,9,namesilo,,,24/09/2026 07:32
5ed4c957-5393-4410-aa52-8f459c3bb2c6,cub.ski,available,76.98,82.98,high,low,3,namecheap,,,24/09/2026 20:02
e05a7fa5-020d-4e14-a254-ee38fb9c8f9f,clitoris.ski,available,27.99,64.99,high,low,8,namesilo,,,24/09/2026 15:48
a98b78ca-92c8-4869-bd8e-6c87c86c2689,costal.ski,available,39.99,86.99,high,low,6,name.com,,,13/08/2026 03:04
5b21a3b0-fcf9-4484-b829-35d8e5135021,imitative.ski,available,39.99,86.99,medium,low,9,name.com,,,13/08/2026 03:34
bccf4068-1bfc-4e83-80dd-a3c9d99bebc7,altoona.ski,available,27.99,64.99,medium,low,7,namesilo,,,18/09/2026 15:04
ab95ad65-c2c8-4b4a-8875-b8d07d4f791e,poise.ski,available,76.98,82.98,high,low,5,namecheap,,,19/09/2026 17:50
9d2c0954-ad7c-4421-8b04-e42e19c3eab5,mediaeval.ski,available,39.99,86.99,medium,low,9,name.com,,,24/08/2026 18:49
f14c6094-c240-4fa6-9dd3-cd63ae17f82f,hitless.ski,available,39.99,86.99,medium,low,7,name.com,,,20/08/2026 15:56
0a7fa1f2-8e4a-439e-af32-063e1e0eb030,deadpan.ski,available,39.99,86.99,medium,low,7,name.com,,,13/08/2026 19:37
5acf9c86-ea63-4329-b6c8-6ae811865118,slav.ski,available,27.99,64.99,high,low,4,namesilo,,,10/09/2026 10:28
77180293-f10a-4dea-b8b9-f3e87752d3b8,conjecture.ski,available,27.99,64.99,high,low,10,namesilo,,,24/09/2026 17:17
be3ee5e8-4a76-425f-9415-3a224bc75e52,apodictic.ski,available,39.99,86.99,medium,low,9,name.com,,,06/08/2026 01:27
41a4911d-1f31-4a29-a55f-da6294a7a929,spf.ski,available,76.98,82.98,high,low,3,namecheap,,,28/09/2026 05:21
1d2230b2-5627-4519-bc5c-ec6e9461b7a4,transonic.ski,available,27.99,64.99,medium,low,9,namesilo,,,10/09/2026 14:11
7284b1bb-daed-45ba-bda9-89a889539af0,willy.ski,available,27.99,64.99,high,low,5,namesilo,,,27/09/2026 06:19
0789612b-4a46-470a-8e3d-6dea742d9585,ica.ski,available,27.99,64.99,high,low,3,namesilo,,,28/09/2026 16:04
7c7df07c-db9a-4126-93f6-94b6ca940cca,dented.ski,available,39.99,86.99,medium,low,6,name.com,,,13/08/2026 09:08
1914d287-649f-4fcb-8e0c-b15ad57de979,nicola.ski,available,26.5,,high,low,6,unstoppable,,,28/09/2026 07:47
e1e4099b-b78c-41c5-be93-bf7b16e62ad3,faults.ski,available,26.5,,medium,low,6,unstoppable,,,29/09/2026 11:04
ed47c9a2-65a0-44d3-9186-adeae7e010fd,apposite.ski,available,39.99,86.99,medium,low,8,name.com,,,06/08/2026 07:53
a43123a2-7610-479d-96f0-b187cee6acd6,carmine.ski,available,39.99,86.99,high,low,7,name.com,,,10/08/2026 15:02
60fe4131-ba51-4484-b85f-57074c359485,wealth.ski,available,27.99,64.99,high,low,6,namesilo,,,28/09/2026 12:30
bea5a2cc-7123-40a5-8ca8-c05e14c6493c,lingo.ski,available,27.99,64.99,high,low,5,namesilo,,,13/09/2026 04:12
3843b47c-dcf0-4b34-84da-704ca86724e6,nadine.ski,available,20.9,51.95,medium,low,6,spaceship,,,29/09/2026 22:08
0d504504-1c01-4fae-b2e5-61b5f8819589,sprung.ski,available,20.9,51.95,high,low,6,spaceship,,,29/09/2026 14:17
2c30c773-ffac-409b-bb01-e36c885d156c,edged.ski,available,39.99,86.99,high,low,5,name.com,,,13/08/2026 13:14
e9dbc013-6de4-4230-a0de-f4ec0e6e96a8,sinai.ski,available,27.99,64.99,high,low,5,namesilo,,,25/09/2026 09:30
00f2cb0c-77ce-432d-a317-aa6d2ff1ba9d,fecund.ski,available,39.99,86.99,medium,low,6,name.com,,,18/08/2026 00:34
9e4d8f52-71c3-4f79-b256-ed39afd8488c,childless.ski,available,39.99,86.99,high,low,9,name.com,,,12/08/2026 05:10
142c82e6-148f-47d5-8e9a-4364f4de3724,hoffmann.ski,available,27.99,64.99,high,low,8,namesilo,,,21/09/2026 03:52
892a3d4b-87c4-471b-9ce8-531ff1ff2724,baku.ski,available,76.98,82.98,high,low,4,namecheap,,,21/09/2026 20:24
b528cced-b0b2-4d33-801b-c50aeb742e55,shelby.ski,available,76.98,82.98,high,low,6,namecheap,,,25/09/2026 15:30
d8badff2-e925-4017-927a-a85ff51ce2d6,watkins.ski,available,27.99,64.99,high,low,7,namesilo,,,25/09/2026 15:58
2ffe3507-ecae-4e01-83d6-c5349d7f1933,hopkins.ski,available,76.98,82.98,high,low,7,namecheap,,,19/09/2026 13:42
c18abe22-9e7d-474a-85a8-a1f400947e2e,swaps.ski,available,76.98,82.98,medium,low,5,namecheap,,,18/09/2026 22:39
0f0c0108-0a43-4e3d-b097-8564ee2d339f,sublingual.ski,available,27.99,64.99,medium,low,10,namesilo,,,11/09/2026 00:14
b7ca872c-c7e7-4481-91cd-672d51561a42,short.ski,resell,,,high,medium,5,OVH SAS,24/09/2018 06:14,24/09/2027 06:14,26/09/2026 09:00
ee384f91-bc24-4df6-b162-6b7b4c651ba3,solely.ski,available,39.99,86.99,high,low,6,name.com,,,
6cf3435f-96e4-4620-a761-7c7f09c40316,confirmation.ski,available,27.99,64.99,high,low,12,namesilo,,,28/09/2026 04:27
c2af0d01-e732-49c3-b662-76d16548b2c4,brusk.ski,available,39.99,86.99,medium,low,5,name.com,,,11/08/2026 07:03
166fd742-f71d-4b69-aafe-eeea36e21918,acarpelous.ski,available,39.99,86.99,medium,low,10,name.com,,,
d4ce7c63-bb3c-4c3c-a021-502af1744f6a,booth.ski,available,76.98,82.98,high,low,5,namecheap,,,24/09/2026 07:20
70e9e2dd-8c76-4f5e-a3c0-9d8f22e096c0,barren.ski,available,39.99,86.99,medium,low,6,name.com,,,08/08/2026 20:57
87ccffe1-4bc2-4034-98cb-c8240499bb23,inscribed.ski,available,39.99,86.99,medium,low,9,name.com,,,17/08/2026 08:24
55d7c742-5ab2-409e-aafa-b29136d92581,facilitating.ski,available,39.99,,medium,low,12,name.com,,,
c541b172-12eb-4a30-a68b-6d26545c5a9b,angelfish.ski,available,76.98,82.98,high,low,9,namecheap,,,19/09/2026 05:56
1edb71a0-5fd7-4700-a2b3-5b96749aae82,provably.ski,available,27.99,64.99,medium,low,8,namesilo,,,14/09/2026 11:29
00b77460-ee99-4f24-b132-0f18c2a90077,fraud.ski,available,27.99,64.99,high,low,5,namesilo,,,27/09/2026 07:55
56a98b88-109e-47a0-baad-a81db18da020,cheapjack.ski,available,39.99,86.99,medium,low,9,name.com,,,12/08/2026 03:25
0636f104-53c2-412e-88ea-e826b889429d,front.ski,available,76.98,82.98,high,low,5,namecheap,,,24/09/2026 21:48
2be87035-9c06-4354-ae52-a2d6268d84a3,survivors.ski,available,26.5,,medium,low,9,unstoppable,,,28/09/2026 05:06
d0602db3-5f0a-4a59-a60f-c95c84dd033a,erudite.ski,available,39.99,86.99,high,low,7,name.com,,,17/08/2026 13:10
63ffef6d-3e46-4809-9eb6-50451ec185e5,provocative.ski,available,76.98,82.98,high,low,11,namecheap,,,29/09/2026 08:33
6354f119-f953-4a67-9484-7dd71157c5a9,atrial.ski,available,39.99,86.99,low,low,6,name.com,,,07/08/2026 14:24
39c78638-8fd6-4ecc-957a-e1750c72bab6,asarum.ski,available,27.99,64.99,medium,low,6,namesilo,,,20/09/2026 12:52
5cea0e51-d433-4bec-8470-fed5dfa2d8b7,snuck.ski,available,27.99,64.99,medium,low,5,namesilo,,,20/09/2026 23:46
0df14f36-0b20-4dae-95ef-0e07b5b9acf5,antique.ski,available,27.99,64.99,high,low,7,namesilo,,,21/09/2026 22:23
dafe6083-8e57-49eb-9e44-f69e11b06a63,greater.ski,available,27.99,64.99,high,low,7,namesilo,,,27/09/2026 06:53
b5e3b5a3-1845-4b50-aede-01386cb90e30,intently.ski,available,27.99,64.99,medium,low,8,namesilo,,,15/09/2026 08:56
97348b04-f4da-4fb4-b3c9-7dbe950881d9,blackcock.ski,available,27.99,64.99,medium,low,9,namesilo,,,24/09/2026 00:30
b8e8a8a8-94f6-4b67-9951-9d410af5beed,mohammedan.ski,available,39.99,86.99,medium,low,10,name.com,,,25/08/2026 03:23
bf228386-c56e-4842-b2db-a25f0b8ef452,bayonet.ski,available,76.98,82.98,high,low,7,namecheap,,,22/09/2026 18:04
50955a9b-73db-4d25-8f0e-3457e9f8afe7,ambush.ski,available,39.99,86.99,high,low,6,name.com,,,24/08/2026 12:29
64898ebe-726b-426b-bc90-98ac330a4432,buckram.ski,available,39.99,86.99,medium,low,7,name.com,,,11/08/2026 07:31
d6ea7561-ed6a-43b7-a646-dedbda2c7cf5,basiliscus.ski,available,27.99,64.99,medium,low,10,namesilo,,,22/09/2026 10:53
bee7c998-cea1-4ef9-aa1b-1f89b4ab0a93,deific.ski,available,39.99,86.99,medium,low,6,name.com,,,14/08/2026 00:13
ea91c93a-483a-434e-aaf6-e0821f88669d,convivial.ski,available,39.99,86.99,high,low,9,name.com,,,12/08/2026 23:53
c3e15da9-2d22-4e0b-90c7-ab668a34d4d0,embassy.ski,available,27.99,64.99,high,low,7,namesilo,,,28/09/2026 05:36
5e5d7633-29dc-48f6-923b-7ce33faa3e9c,simms.ski,available,20.9,51.95,medium,low,5,spaceship,,,28/09/2026 16:38
2a3ba2bd-0a8b-4357-ba47-0222d2d0aa99,painting.ski,available,76.98,82.98,high,low,8,namecheap,,,25/09/2026 07:33
222fd51d-c27d-41c0-90e2-3a3de780df03,amaranthus.ski,available,27.99,64.99,high,low,10,namesilo,,,18/09/2026 15:51
e9fff11b-473f-4a88-b02e-4df15897b94a,increased.ski,available,27.99,64.99,high,low,9,namesilo,,,25/09/2026 08:09
215dd497-f0e3-4448-bd15-2d0be0136ede,unposed.ski,available,27.99,64.99,medium,low,7,namesilo,,,12/09/2026 17:15
e0170286-99ca-4848-a41b-784ed06d4901,barnburner.ski,available,76.98,82.98,medium,low,10,namecheap,,,22/09/2026 06:49
b27ac6f3-4f90-4048-a97c-474cd715aa0c,civilians.ski,available,26.5,,medium,low,9,unstoppable,,,28/09/2026 05:06
057f1bcd-f7ec-46cb-8823-5491b81ca5d5,truthful.ski,available,27.99,64.99,high,low,8,namesilo,,,11/09/2026 20:51
67109434-5539-42a8-b2f2-59295a2172c2,dhs.ski,available,26.5,,high,low,3,unstoppable,,,29/09/2026 09:25
de64d06d-2d9f-49e3-81d1-587d446b5aed,edgewise.ski,available,27.99,64.99,medium,low,8,namesilo,,,14/09/2026 15:02
14367641-44f5-4d26-8d7e-52f2c623457b,favors.ski,available,27.99,64.99,high,low,6,namesilo,,,18/09/2026 09:42
ebd9a541-8d4c-4265-9e1e-fbeee0006374,drowned.ski,available,21.11,52.01,medium,low,7,porkbun,,,27/09/2026 22:47
bc1cf87f-6f42-4b8b-950f-d2260760ef86,karma.ski,available,27.99,64.99,high,medium,5,namesilo,,,29/09/2026 07:24
817e6ee6-2c8b-44ff-8cec-31f702b0fed5,reasonably.ski,available,27.99,64.99,medium,low,10,namesilo,,,25/09/2026 11:58
5bc2934c-5fc8-43d2-93a8-414bf52ea7cb,fad.ski,available,76.98,82.98,high,low,3,namecheap,,,24/09/2026 19:13
88b7e254-21ef-4af1-ab0c-38dc092490ec,rudy.ski,available,27.99,64.99,high,low,4,namesilo,,,27/09/2026 07:02
d955591d-eb58-4e01-a886-472424baad86,hannover.ski,available,27.99,64.99,high,low,8,namesilo,,,29/09/2026 01:14
f3f5cbd4-e3a3-4616-a994-848aed8da994,gaines.ski,available,27.99,64.99,high,low,6,namesilo,,,28/09/2026 04:15
672485f2-7f17-4a5f-98a0-61744c5e346c,overpriced.ski,available,76.98,82.98,medium,low,10,namecheap,,,04/09/2026 21:26
b0e42ca5-5ef7-4789-b0dc-bc80620f86ab,within.ski,available,20.9,51.95,high,low,6,spaceship,,,28/09/2026 16:47
f080da17-3cc2-4796-9fd5-eb77f8c836df,silverbush.ski,available,27.99,64.99,medium,low,10,namesilo,,,19/09/2026 14:04
9d51eaa8-ece3-4bb0-a335-85680de0c8f9,parvenu.ski,available,27.99,64.99,medium,low,7,namesilo,,,03/09/2026 22:14
b6c9ef22-b2f5-49bc-a447-4184ce599bc8,harley.ski,available,27.99,64.99,high,low,6,namesilo,,,25/09/2026 12:17
33d5eedf-6cd1-4654-9b11-226666b85f29,rituals.ski,available,20.9,51.95,medium,low,7,spaceship,,,29/09/2026 05:40
c29a5d47-916b-400a-af50-775790650019,fear.ski,available,39.99,86.99,high,low,4,name.com,,,24/09/2026 12:06
3602dad1-8c51-49fd-908f-082d5b56879d,yummy.ski,available,27.99,64.99,high,low,5,namesilo,,,27/09/2026 06:53
fbf70fd3-2880-4d37-b42a-992127d7dded,bushes.ski,available,26.5,,medium,low,6,unstoppable,,,28/09/2026 23:23
f3e1ee0b-31be-44e1-ae7a-e5bda3b06e63,accomplice.ski,available,27.99,64.99,high,low,10,namesilo,,,16/09/2026 22:50
f6fa3ae8-14af-4989-87c5-5d3fd5d2f0f4,phial.ski,available,76.98,82.98,high,low,5,namecheap,,,18/09/2026 23:47
49285f37-5dbd-4635-9d41-bc28d999d076,shaper.ski,available,26.5,,high,low,6,unstoppable,,,30/09/2026 03:43
07830b0c-4d26-4f09-872b-fbdd588ddfb9,uncommonly.ski,available,27.99,64.99,medium,low,10,namesilo,,,16/09/2026 09:49
a31b737b-2b7c-4551-829a-6f27045bf703,ching.ski,available,76.98,82.98,medium,low,5,namecheap,,,29/09/2026 08:53
01df42ea-1875-4dd4-a05f-07b882692135,uneven.ski,available,27.99,64.99,high,low,6,namesilo,,,04/09/2026 00:48
f3f33310-e03c-4e92-8d98-4b211bd86e6e,exegetic.ski,available,39.99,86.99,medium,low,8,name.com,,,17/08/2026 16:59
d46eb5d7-800c-48a1-8ac6-86229cb5c771,instantly.ski,available,76.98,82.98,medium,low,9,namecheap,,,10/09/2026 21:29
6e3c1f0a-2005-4eeb-8d9c-e5a14a341ec3,distant.ski,available,27.99,64.99,high,low,7,namesilo,,,22/09/2026 02:03
79b04979-a086-440b-8bed-78c659624bbb,sexually.ski,available,27.99,64.99,medium,low,8,namesilo,,,16/09/2026 01:18
1605ab14-46bb-4fa2-9f4d-93eebfa54007,pitfall.ski,available,39.99,,medium,low,7,name.com,,,
92605d74-2438-40c5-a00b-a91ed1ff18e4,clathrate.ski,available,39.99,86.99,medium,low,9,name.com,,,11/08/2026 16:23
af223f5c-2acc-4eb2-8618-c97d13c6a053,infuriated.ski,available,39.99,86.99,medium,low,10,name.com,,,
c57f97c0-0640-48ea-8057-a3b823bdf545,abeyant.ski,available,39.99,86.99,medium,low,7,name.com,,,
29e79ab9-8780-4524-a457-00a6371088c0,cleo.ski,available,50.2,50.2,high,low,4,cloudflare,,,29/09/2026 15:49
eda28f91-bc35-43e4-9f93-5501fff62d0e,modesty.ski,available,39.99,,high,low,7,name.com,,,
82a508ce-bc3d-47e9-8bd5-23b906efb537,jazz.ski,available,50.2,50.2,high,low,4,cloudflare,,,29/09/2026 20:07
4e873326-fa79-45d4-a63e-2b9cc3fe5e52,integral.ski,available,76.98,82.98,high,low,8,namecheap,,,23/09/2026 10:33
2ffdcf15-ddfb-4d21-a9cf-1f2db79033e9,zippy.ski,available,27.99,64.99,high,low,5,namesilo,,,27/09/2026 06:53
1f592c1d-ffc9-4f69-8b27-0eb993650033,impossible.ski,available,27.99,64.99,high,medium,10,namesilo,,,25/09/2026 07:55
cb7d119b-603a-4080-a1ea-f731108c1775,riot.ski,available,27.99,64.99,high,low,4,namesilo,,,24/09/2026 13:04
2822c761-0b30-4a29-b109-eb5412be41e2,rocambole.ski,available,27.99,64.99,medium,low,9,namesilo,,,18/09/2026 11:33
861bbe1e-7a87-417d-bf42-39f5e150834b,cadets.ski,available,21.11,52.01,medium,low,6,porkbun,,,30/09/2026 00:49
f37c0988-bb0e-4cae-b463-5ab856460f18,milan.ski,available,20.9,51.95,high,low,5,spaceship,,,29/09/2026 07:37
cbd6085b-085c-4828-ba3a-ddfc916cf6bc,african.ski,available,39.99,86.99,high,low,7,name.com,,,
2f39921f-b67f-497c-8330-96b2e6b0ace9,minutely.ski,available,27.99,64.99,medium,low,8,namesilo,,,15/09/2026 15:04
aa6fef3b-5583-4937-9de6-881c811f9d26,wholly.ski,available,39.99,86.99,high,low,6,name.com,,,
0fbfb5f2-09c0-456c-8e66-b9de9b2fcc61,vespucci.ski,available,76.98,82.98,high,low,8,namecheap,,,18/09/2026 21:04
07339ec0-8f00-4807-925c-f6d1fd009a9f,atheism.ski,available,76.98,82.98,high,low,7,namecheap,,,20/09/2026 20:31
77f73e93-4dd9-4846-a2d5-cf8bcb2f9896,liegeman.ski,available,39.99,86.99,medium,low,8,name.com,,,18/08/2026 03:05
6c15d9bf-d297-4ce9-8801-07f677596904,lethal.ski,available,39.99,86.99,high,low,6,name.com,,,23/08/2026 00:26
4650141d-12fc-4480-a1d2-420b13b950cf,sticks.ski,available,27.99,64.99,high,low,6,namesilo,,,17/09/2026 01:53
7049efbb-cfed-40ca-9a2a-4999e8d0ca97,libraries.ski,available,76.98,82.98,medium,low,9,namecheap,,,20/09/2026 00:02
7115c606-074e-49e3-af9e-a2f892f30299,ventura.ski,available,27.99,64.99,high,low,7,namesilo,,,25/09/2026 16:33
18f13b21-d43b-48a3-b2b5-ee59e7678d52,cameron.ski,available,76.98,82.98,high,low,7,namecheap,,,25/09/2026 21:03
3f547750-6bdf-4914-aeb6-536d93135120,chairwoman.ski,available,20.9,51.95,high,low,10,spaceship,,,29/09/2026 07:58
bfb5ac82-dd50-4697-ae9d-7b083907c7e3,cannot.ski,premium,118.8,118.8,low,low,6,namesilo,,,28/09/2026 16:55
e357ad56-6821-4aad-bf02-fe3625b4b0fe,refundable.ski,available,39.99,,high,low,10,name.com,,,
b3f8067b-401f-4612-9b5f-07e2f0b986cc,endeavour.ski,available,76.98,82.98,high,low,9,namecheap,,,21/09/2026 01:16
bed1e8d5-72fa-46a6-82ae-c2227cab4ea4,barmy.ski,available,39.99,86.99,medium,low,5,name.com,,,06/08/2026 20:25
9b17e573-1fb5-4df8-8d49-69a3f8dad0e0,hawkins.ski,available,20.9,51.95,high,low,7,spaceship,,,28/09/2026 09:24
77892ab4-834f-4ce3-bea2-4bf1285fec9e,duple.ski,available,39.99,86.99,medium,low,5,name.com,,,14/08/2026 20:37
342b9b50-0284-4973-81fd-d10517d34d26,unsent.ski,available,76.98,82.98,medium,low,6,namecheap,,,12/09/2026 19:18
0832e05d-0b95-4e72-93e1-a9e68af34888,balbriggan.ski,available,76.98,82.98,medium,low,10,namecheap,,,21/09/2026 21:25
a89c235c-711e-4c53-8157-7dd3ca230342,tattler.ski,available,27.99,64.99,medium,low,7,namesilo,,,11/09/2026 10:30
4f172520-dbec-4d17-a694-0375313b71d1,affluence.ski,available,20.9,51.95,high,low,9,spaceship,,,28/09/2026 19:21
0b0c9fc5-a848-4646-8b8c-2840e72b3b40,dome.ski,available,21.62,53.72,medium,low,4,dynadot,,,29/09/2026 00:15
fd6cca95-2894-4918-8db6-22ff2258634b,protector.ski,available,26.5,,high,low,9,unstoppable,,,28/09/2026 13:52
d1e87a6b-839f-404b-a8ba-7f638b92332e,kinky.ski,available,39.99,86.99,high,low,5,name.com,,,17/08/2026 22:20
bf45a32f-0b4a-40d6-b80c-27fb7a4a29d1,fruity.ski,available,39.99,86.99,high,low,6,name.com,,,06/08/2026 21:00
931a2c87-688a-41b1-a876-f8d96334f2a2,perceiving.ski,available,39.99,,high,low,10,name.com,,,
65d718f4-31da-4442-84b3-9b2c90d28d21,rear.ski,available,76.98,82.98,high,low,4,namecheap,,,22/09/2026 19:06
c17b290c-129d-44a4-9e3f-65e239f9e89a,boozy.ski,available,39.99,86.99,low,low,5,name.com,,,09/08/2026 19:00
58e22d04-a12b-44ba-ae33-5e486a6d97b1,collections.ski,available,27.99,64.99,medium,low,11,namesilo,,,17/09/2026 22:06
4fa89663-4d91-42ca-902c-1b4c56d239ab,primordial.ski,available,27.99,64.99,high,low,10,namesilo,,,09/09/2026 02:06
5f4cb9b7-801c-44b1-96ad-84b1550061e6,bauxite.ski,available,76.98,82.98,medium,low,7,namecheap,,,22/09/2026 16:42
0b4ee6d5-ea13-4c81-becd-fc051b046a70,cogent.ski,available,39.99,86.99,high,low,6,name.com,,,12/08/2026 15:33
d4f34012-7138-45b7-a1b2-930276ae4490,aliform.ski,available,39.99,86.99,medium,low,7,name.com,,,
57ebd452-4545-43c5-85c8-792436ad5f8d,colonia.ski,available,26.5,,medium,low,7,unstoppable,,,29/09/2026 21:03
2c032f58-c84a-4ab1-ba4f-f8f5adc4699e,banter.ski,available,20.9,51.95,high,low,6,spaceship,,,28/09/2026 07:57
ed7025e8-4b9f-4f6c-bf4f-27deb0216da6,asymptotic.ski,available,39.99,86.99,medium,low,10,name.com,,,07/08/2026 10:30
388a615c-4f8b-4361-95df-2d864bb33239,cutaneal.ski,available,39.99,86.99,medium,low,8,name.com,,,13/08/2026 12:57
d923bd8d-2c74-42d6-8640-0627cde53510,grandparents.ski,available,27.99,64.99,high,low,12,namesilo,,,18/09/2026 06:12
cc556ed4-5d2d-4c83-873c-64eebc07f462,save.ski,premium,118.8,118.8,high,low,4,namesilo,,,28/09/2026 00:11
21ffffc9-c2f2-44b0-bceb-9556d8e34b0c,grayish.ski,available,39.99,86.99,medium,low,7,name.com,,,20/08/2026 18:56
e7dffd90-b8cd-4e4a-93a5-5e4bdb6dace7,viable.ski,available,27.99,64.99,high,low,6,namesilo,,,27/09/2026 06:53
00b2b654-324d-4560-ae92-1964f9985696,gallant.ski,available,39.99,86.99,high,low,7,name.com,,,12/08/2026 06:16
9f587c30-1fd8-4696-802e-a3503e906287,brindle.ski,available,39.99,86.99,medium,low,7,name.com,,,11/08/2026 04:17
50dab262-77c2-4b7f-bef9-dfcbcc7fe1eb,cadent.ski,available,39.99,86.99,medium,low,6,name.com,,,11/08/2026 12:48
b69f7050-1c7c-46f0-b9de-00656f9273bf,baobab.ski,available,27.99,64.99,medium,low,6,namesilo,,,17/09/2026 06:21
583ce273-d719-475f-abbc-2ebd9f3bb515,barking.ski,available,21.62,53.72,medium,low,7,dynadot,,,28/09/2026 11:18
7c386f26-d72b-4330-ab52-ffbcf2054a2f,arcsec.ski,available,27.99,64.99,medium,low,6,namesilo,,,20/09/2026 01:25
33a3bf36-e561-4358-9eb4-89ff7f579208,mohammad.ski,available,76.98,82.98,high,low,8,namecheap,,,28/09/2026 06:19
61abf6b2-40d5-4beb-8b6b-b52ada901760,antiproton.ski,available,27.99,64.99,medium,low,10,namesilo,,,19/09/2026 15:01
94e60295-fb9a-4cfc-be85-fcf067554f3d,champs.ski,available,27.99,64.99,high,low,6,namesilo,,,20/09/2026 13:31
18312f35-16ab-4773-989e-0afae649a06d,palish.ski,available,27.99,64.99,medium,low,6,namesilo,,,04/09/2026 23:41
4d6ba04b-dd02-496e-aca2-00500ece61b5,sentiments.ski,available,27.99,64.99,medium,low,10,namesilo,,,17/09/2026 07:39
9026aab2-a538-410d-80c0-fa9b0610ea70,aris.ski,available,76.98,82.98,high,low,4,namecheap,,,30/09/2026 03:35
6a6500db-5191-4dce-9928-485c9aa01fdf,limply.ski,available,27.99,64.99,medium,low,6,namesilo,,,15/09/2026 12:20
2cf4b022-291c-41b3-87c9-40cee003338f,cognizant.ski,available,39.99,86.99,high,low,9,name.com,,,08/08/2026 00:13
28961668-b954-45c6-bd3d-dc66200f55c2,kestrel.ski,available,76.98,82.98,high,low,7,namecheap,,,18/09/2026 20:14
d7c52351-a70d-4b78-94aa-762e1019f49f,foreman.ski,available,27.99,64.99,high,low,7,namesilo,,,23/09/2026 00:59
26b1710c-23e2-4740-840b-6070cb39f0a8,interviews.ski,available,50.2,50.2,medium,low,10,cloudflare,,,28/09/2026 09:06
3bac0ba8-7e64-4a8f-8ec7-06235045377e,strait.ski,available,27.99,64.99,medium,low,6,namesilo,,,10/09/2026 21:53
c3c1a1c5-42c5-4df8-b936-76f9b439471c,bosh.ski,available,76.98,82.98,medium,low,4,namecheap,,,21/09/2026 23:47
f4936538-cfd4-4845-a437-1736c82a2e2c,marker.ski,available,20.9,51.95,high,low,6,spaceship,,,28/09/2026 06:21
b147985f-5a8b-4630-b555-5a17bfad815d,ignacio.ski,available,26.5,,medium,low,7,unstoppable,,,28/09/2026 08:56
aadf7d61-e81e-4d7a-9434-40709d13e34b,drafted.ski,available,26.5,,medium,low,7,unstoppable,,,29/09/2026 04:48
607a841c-f21f-43c4-abb5-ece68d3058fe,molto.ski,available,27.99,64.99,medium,low,5,namesilo,,,15/09/2026 15:19
87f7e5ef-ebcd-4ec6-9bb1-ec63498d8b30,iona.ski,available,76.98,82.98,high,low,4,namecheap,,,29/09/2026 22:09
1b9464f8-0e05-4623-97c8-510bea397f3d,forms.ski,available,27.99,64.99,high,low,5,namesilo,,,17/09/2026 09:39